0.0,0.0,0.0,0.24696676552474525,-0.012230586071117933,-0.1283320970594476,0.5206844855634085,-0.17588231965611223,-0.20999355684215049,0.455169285140845,-0.42080580638751025,-0.27593185859748326,0.23136041255190842,-0.5060342047240938,-0.3176587609860993,0.5235124938939341,-0.8722281638098772,-0.10538334108369123,0.5736728556541285,-0.7680433714307853,-0.24252775172809948,0.4822404376593428,-0.48498717435893485,-0.32996551629628373,0.434874353447512,-0.4687591239627021,-0.3907562990423043,0.31408833334127717,-1.0,-0.11720771412805442,0.3663013842941901,-0.8048537373401103,-0.23499315353932027,0.32273270176110125,-0.5066163051423432,-0.2752458465939689,0.3027005279722899,-0.5380140415379917,-0.29723688056098874,0.11203557082077137,-0.9831643677794281,-0.15021886807888837,0.15868939779188035,-0.6887988260710104,-0.2630543075695927,0.1587534373927963,-0.4386980309167061,-0.25917483987555484,0.1474695130558292,-0.500371710775164,-0.2505224512289939,-0.06712706740058005,-0.8887745179095177,-0.1972962241281925,-0.005394847525254396,-0.5634490066956824,-0.2682878950692581,0.012416838650881149,-0.38273927437510363,-0.26714068183681894,0.005048618156180121,-0.45434666958022407,-0.26044457161928836,espacio
0.0,0.0,0.0,0.2444050423514176,-0.025081027792223407,-0.13287009450245693,0.5023624383488265,-0.16915958435082845,-0.21251643363849626,0.4378524051253383,-0.3882771316092814,-0.27505201394096584,0.2344471194374591,-0.4868783906348832,-0.31593200832185575,0.49371930720472146,-0.8822736449114872,-0.10857288788505495,0.5042748854650145,-0.7709326535409955,-0.25164372122932405,0.4424901706192282,-0.49183685533803584,-0.3381927015345682,0.41736689951728895,-0.4485015935601199,-0.3906618292364684,0.2763392347736927,-1.0,-0.11323115013277146,0.27701587761038343,-0.7713459630830967,-0.22990636700779887,0.2522527994628851,-0.48268792929919724,-0.266205977431998,0.24751454988316227,-0.5011107615831343,-0.28062691226644354,0.06303076750219684,-0.9802580641290936,-0.13924352261078027,0.05481156921772514,-0.6540730361828946,-0.24882490203481397,0.07030686515023184,-0.41147833211915064,-0.2340495077128897,0.08308484143823722,-0.4630572883019652,-0.21541386538274376,-0.13287383110699844,-0.888908969042028,-0.17973440674200597,-0.11843361807573725,-0.5773898058894923,-0.24308704514289925,-0.08001295294857677,-0.3690859210172589,-0.22112949142047003,-0.05666927500357131,-0.3899362438473807,-0.19470050523615698,espacio
0.0,0.0,0.0,0.22962506024245868,-0.0012218443646338222,-0.15613813180308558,0.498613567228516,-0.1619670117530468,-0.24520209162050943,0.47655497272174946,-0.401978912263846,-0.3164547198976895,0.2777223549311837,-0.5196422402478945,-0.3657095938663948,0.44780117772148903,-0.9219177605947567,-0.14956307696936252,0.45754103756996944,-0.9021435006706962,-0.3169467080545617,0.397539613334207,-0.6055210719041322,-0.4079187980740163,0.3732006907155725,-0.5278552469840645,-0.4556549934233308,0.21660222064462048,-1.0,-0.15042845851527353,0.19416236520325797,-0.84956735930793,-0.29846308101460567,0.18194676485880487,-0.530156770619076,-0.3354230329783127,0.18968390625220113,-0.5297612931750545,-0.34166117269377316,-0.007678336740772161,-0.9579672097502508,-0.1750863802192695,-0.024389585088587594,-0.7395880546684238,-0.3203710774522069,0.007765445171252719,-0.46325284333419536,-0.29992502283728883,0.03109073066784121,-0.4798534613904806,-0.2670092154616862,-0.21289726904731163,-0.8507506898561199,-0.2144928157487563,-0.1927793573181356,-0.641100859284602,-0.3025940432409524,-0.14576600685261604,-0.4038467031203817,-0.2739062257685263,-0.11318641992492907,-0.38455334893789106,-0.2351655752236398,espacio
0.0,0.0,0.0,0.24039578135179113,-0.024601963967001844,-0.1344128679103241,0.5020637565981849,-0.17792901545254744,-0.21538805057940774,0.4472136480043577,-0.4067878873736855,-0.28030597170347604,0.24117693860183825,-0.49565150809241,-0.3187032674827328,0.4582528565114894,-0.88223979632048,-0.11520861605295564,0.4788951613144592,-0.8582745802651545,-0.2728331625602449,0.4124486586143288,-0.5634518171633117,-0.3546739127305931,0.389053846974986,-0.48260877589765744,-0.3983890075718625,0.24015684500263879,-1.0,-0.12144827170527182,0.2623859066462216,-0.8730195468888892,-0.26151813595799966,0.2361006635347216,-0.578596216525217,-0.29289065942514064,0.2304749346292097,-0.5579769822987573,-0.2925544213607346,0.02298365655418867,-0.9829363780840996,-0.15179294643009597,0.03922060359611676,-0.6780887636066519,-0.28087709317791787,0.05977873197127975,-0.4332459727502821,-0.2689014686761176,0.07201199869507831,-0.45967874284562715,-0.24244567476894463,-0.17472744296205253,-0.8883566167411078,-0.19678587062192743,-0.13373876026453596,-0.5702350654805314,-0.26961198007971654,-0.08662864303108966,-0.3703966093984291,-0.2591829727330473,-0.06671312374109475,-0.394711375864336,-0.23709426748871867,espacio
0.0,0.0,0.0,0.22269833924316182,-0.04190603301252149,-0.1250159711316562,0.4635372391929106,-0.1874830261006133,-0.20878155578516006,0.42409583910061677,-0.41125782390421184,-0.2832853983967358,0.24027651269508052,-0.5203614708361946,-0.3351463676951973,0.4204968204339058,-0.8774985482486053,-0.10658439450301582,0.45393379494113834,-0.9990145884292914,-0.28434429047306303,0.4106946573600451,-0.786685864896398,-0.38191127073015324,0.3824937289924657,-0.6204145794155095,-0.42490694528379247,0.19563439425372706,-1.0,-0.1182749140306469,0.23438716219261413,-0.9800226539457181,-0.2823508354657968,0.20542486798511195,-0.683920828862701,-0.3255844855500055,0.19712621411680328,-0.56788124563192,-0.319596327633223,-0.02605801212860199,-0.9954758348171222,-0.15521405613161918,-0.00557698529519681,-0.7304697388250211,-0.29781382239672227,0.01625740763373809,-0.49375444925597983,-0.2909876360356133,0.04656540492336922,-0.46667089214750235,-0.25764857600681335,-0.22769631244105812,-0.8987412006850993,-0.20658704408731032,-0.1963514704738249,-0.5985517424198835,-0.2858486763793007,-0.1563031337438717,-0.4054336739564437,-0.2766610480157087,-0.12279862081344575,-0.4095524787185779,-0.24980106581727846,espacio
0.0,0.0,0.0,0.20728171313261853,-0.05951044044022453,-0.12228900866125984,0.3948989412013608,-0.23280284022930006,-0.20862874334892778,0.2750774560011822,-0.4005981700603815,-0.28168471933584643,0.06982008546204438,-0.4431850880618859,-0.3353439675433785,0.3056874343442502,-0.9369744958533331,-0.12433591055889172,0.2849768171239833,-0.8349213094756764,-0.2671943318653843,0.2648501890105412,-0.5580021652342679,-0.3536005397728493,0.2578108829869402,-0.4952932084246796,-0.4061318514559816,0.0838346766995001,-1.0,-0.1372918350996973,0.0805976101651278,-0.7571811155591679,-0.2506737217539514,0.10519192704473058,-0.4867403494939602,-0.2905326419179365,0.10830049302907463,-0.503279976539471,-0.31057973163289015,-0.11620006434206112,-0.9211771889495034,-0.16914877073331286,-0.09059185517620867,-0.6064691307259042,-0.2758256966008866,-0.03644585376912765,-0.3953248287385973,-0.27346409742989874,-0.024232220686844618,-0.4549194829321439,-0.2657136211747352,-0.2838143460767635,-0.777973078216908,-0.2137944654600633,-0.22097482352973571,-0.47815307077305474,-0.2766831222575818,-0.14868810117031875,-0.30816841282086704,-0.26479053976825995,-0.1213654422552948,-0.348303264969511,-0.2472721286224894,espacio
0.0,0.0,0.0,0.20845496353626938,-0.046336714942207105,-0.13468663073415585,0.39528477581849647,-0.2537901088641067,-0.21960148007079383,0.24363493455844168,-0.4227675787216255,-0.28728901136984425,0.01383722532017999,-0.4508447267446034,-0.32990982974664185,0.3214997502543267,-0.9239974441219656,-0.09822496157506257,0.31178931079895117,-0.8216722116601588,-0.24808338692913123,0.2921366868741133,-0.5495555992936844,-0.33732860743073956,0.28204855693996556,-0.5040111289345184,-0.3917460284903036,0.09877489884599606,-1.0,-0.10364722901570728,0.10509841186758671,-0.7796812007797842,-0.23188866808541597,0.1264325344992874,-0.5040100510507319,-0.27010107651110415,0.12213328722865084,-0.527607945210736,-0.28074579868548033,-0.09777526942244184,-0.9302208217397949,-0.13328627106589397,-0.061522588455993996,-0.6282501699283789,-0.252569404512865,-0.0057515878845000095,-0.4055544213822825,-0.24149185810403964,-0.0053456568505227415,-0.4673792484519972,-0.2210012738500678,-0.2641348829278083,-0.794079680187569,-0.17774846526217963,-0.19595528420669586,-0.4939346401452642,-0.24990878312148518,-0.12882274179574146,-0.3329641222070145,-0.2416552113918762,-0.12027577009946065,-0.3982116614522242,-0.2225675602537064,espacio
0.0,0.0,0.0,0.23105835862552404,-0.06043194515476254,-0.137768187111655,0.4226190360993926,-0.3209392856026057,-0.21557342778734434,0.25302016615281003,-0.4934659619586846,-0.2748152131177345,0.019540235387731142,-0.4691273998127239,-0.306342429219366,0.3061935063690281,-0.9365190374133608,-0.08671960481716295,0.3013434357457824,-0.8591927203308266,-0.22290572699033603,0.3068348043496219,-0.5783963863225482,-0.30523805929717834,0.3014831849245268,-0.5264025617694935,-0.3575499609259795,0.08659600641257237,-1.0,-0.08799549724859393,0.0987590741474307,-0.7865024702093355,-0.20674680803375717,0.14033302881186002,-0.5329123066773319,-0.25020227097888553,0.13597696949831573,-0.5787991328624573,-0.2665645367042077,-0.09451505863608672,-0.9219911324460619,-0.11286869294867875,-0.05161226447756165,-0.6386262452013423,-0.22262047365573423,0.016145308181061562,-0.4280466415939799,-0.21782229968450767,0.017750794008590094,-0.49987446001253466,-0.20368565676739228,-0.23970233424927445,-0.7862231755678507,-0.15372286804197305,-0.16047005023331085,-0.4840176136931379,-0.22429094488853893,-0.09267621612597553,-0.33580994274663567,-0.22416502293356608,-0.09497953112520803,-0.41306169977170565,-0.21230733822095488,espacio
0.0,0.0,0.0,0.23657623707356482,-0.08474996616973485,-0.11634647197544522,0.434094024483874,-0.3509046664650555,-0.1861166733642474,0.27456886842052103,-0.5153452356987313,-0.24276245764623416,0.043814279407230816,-0.47860084723368934,-0.2718100166542871,0.32525569132667126,-0.9402409811254022,-0.06565157853342055,0.32637521169929246,-0.8813263737904729,-0.19839915338814837,0.3217976443577767,-0.5904020314604715,-0.27622792443232447,0.3069385188607408,-0.5211016088587886,-0.3256968577927423,0.10884290138505623,-1.0,-0.07614649830874089,0.13078826192837892,-0.8104647339408264,-0.1967524595212379,0.16664682025454775,-0.5390303804410005,-0.2398511767933115,0.15893626073495476,-0.5588146646611131,-0.25526475825653927,-0.07174056688865209,-0.92630362249302,-0.10919417527858866,-0.023638041237291317,-0.6583459949382005,-0.21641837588185867,0.037081117615929186,-0.43480879986867865,-0.20970814405647706,0.03031283122824318,-0.4937021903231331,-0.1953196856130875,-0.21682108799553979,-0.795179037478452,-0.15700130155161418,-0.13647418286331853,-0.49338424166453226,-0.22433118100014177,-0.06998301735916433,-0.33873896811041954,-0.22594117676996278,-0.06970466000862685,-0.41685424317813846,-0.21716728608034616,espacio
0.0,0.0,0.0,0.23306977082130947,-0.09160535025300212,-0.11779297699096627,0.4292825625355063,-0.357285969730593,-0.19058684982834356,0.26712443648476436,-0.5221980709511395,-0.25027323693631487,0.03609683211454221,-0.48771690292961095,-0.2817082394944246,0.3196714565105776,-0.9380894241987027,-0.07189277738705874,0.3249456546152952,-0.8839936699975187,-0.20719781777263135,0.3182094498411017,-0.5884564785195665,-0.28560869098998165,0.30628808586163775,-0.531346968612381,-0.33650695882160403,0.10296484460852882,-1.0,-0.08379875301271027,0.13123077586346377,-0.823437771808576,-0.20901961043520295,0.1631667980978638,-0.5458779964076924,-0.2507768946161159,0.15635401585033104,-0.5745810825301157,-0.26488101807186637,-0.07756192600184088,-0.9275984108465861,-0.1186717713319111,-0.027881837943776255,-0.6708039941282564,-0.22924241972905515,0.031100202226836748,-0.4406235657426151,-0.2207656853623413,0.02752819473028399,-0.5056458802374545,-0.20493843057531963,-0.21955666064732887,-0.7978554689631601,-0.16855723424424487,-0.13987076496172585,-0.4953155589849043,-0.23745100731986654,-0.07681162755571036,-0.33978168586413005,-0.23941204888203896,-0.07900604449512984,-0.42245942926467434,-0.2315747414424771,espacio
0.0,0.0,0.0,0.23284823368907173,-0.08782268145433433,-0.1175072011585334,0.42725876386091066,-0.3538154643623094,-0.18882132049343012,0.26930436628101967,-0.5258643134526098,-0.24668171529297425,0.03720131973958288,-0.49708795624892,-0.2776298835329767,0.3186907597703691,-0.9425716519686843,-0.07083025050478588,0.32565689460394515,-0.8733961413865718,-0.20312202554967151,0.3164687471846941,-0.5814811590501361,-0.2813977297287761,0.30188835680976184,-0.5242089262095869,-0.33216507026909037,0.10302692592708308,-1.0,-0.08168023098533149,0.13502487782520214,-0.8154023813431023,-0.20251955640188554,0.16608593635697316,-0.5402305509946125,-0.24455517665087512,0.1577275047767305,-0.5607392741836738,-0.2593938800333271,-0.0769811690095573,-0.9252805801499333,-0.11478595362829291,-0.024246084456093765,-0.6676787865239021,-0.2245104007110571,0.03417466681186188,-0.4394244243227063,-0.21824468618527673,0.027687595303318973,-0.495642475182083,-0.2032053282716875,-0.2213948993405852,-0.7940900289207435,-0.1623714486868528,-0.1370584197401592,-0.49923696678295426,-0.23107135899139572,-0.07374036324890676,-0.3405899597103497,-0.23190688870570794,-0.07625175515839878,-0.4135412536919372,-0.22252880450805357,espacio
0.0,0.0,0.0,0.22943252048195115,-0.08798306036735988,-0.11618889507818246,0.42467275456255144,-0.3569969394278789,-0.18539205663205255,0.26571620965887083,-0.5277949679219239,-0.2416252544276459,0.035279548235916156,-0.4932300566367523,-0.27133742603296074,0.3130515312034314,-0.9433575711831621,-0.06454187991399184,0.31991792521329376,-0.8754054297608683,-0.19521628736592186,0.3127510795832886,-0.5824210055012854,-0.27262379788603663,0.2982203309853708,-0.5255172527044447,-0.32240720713814225,0.10012459011009363,-1.0,-0.07591411691720386,0.13467003894213864,-0.8172734137112374,-0.1945634335671602,0.16528001756486393,-0.5383922736493894,-0.23634015939258865,0.15556217143805937,-0.5592728503137662,-0.2505451906597292,-0.07865608517418236,-0.9258194681094021,-0.10958075869828592,-0.02598044895216484,-0.6710949829546417,-0.21777239624983227,0.0326809052757338,-0.4397920396336639,-0.2112744710791126,0.025448373866426142,-0.49655266230646894,-0.1958370331853717,-0.22418292921880856,-0.7962091601454778,-0.1575433769010115,-0.14411226834992558,-0.5076995796008757,-0.22380649162943578,-0.08134737752060309,-0.345669588974277,-0.22201148579627503,-0.08326584829078608,-0.41685290308336953,-0.21075670140325672,espacio
0.0,0.0,0.0,0.2329964240592508,-0.09247323523407579,-0.1143381963905477,0.43171763258192986,-0.359131636097399,-0.18162760205223066,0.28125904283620684,-0.5265628557525324,-0.23629781222550003,0.05342360510510084,-0.4781835552180691,-0.26588216745428356,0.3253844308791473,-0.944580122217546,-0.06050830413752645,0.33789575915586534,-0.8655264051831864,-0.18566718791113218,0.3267758862030214,-0.5809083482043388,-0.262978085337924,0.30640507766540703,-0.5314705919356875,-0.3145424680995438,0.11251043540761707,-1.0,-0.07196095473106118,0.14176305932668742,-0.7970618112986091,-0.18332585430155057,0.1697952935246292,-0.5251494845507265,-0.2255554808549906,0.15859303310474532,-0.5570196354090782,-0.2430710867864012,-0.06637132315489615,-0.9226107736020815,-0.10480717385656084,-0.018978338589761955,-0.6598180900961742,-0.20585769776779828,0.03715593593583031,-0.43785001990692246,-0.19876264789497125,0.02723900117168777,-0.504829610136824,-0.18613420664555516,-0.21173599321744163,-0.7897433285429554,-0.151996726314041,-0.14082290874837203,-0.5019490926623611,-0.2140568995022371,-0.08018481984539566,-0.34493623494145825,-0.20976330253036207,-0.08317390208553929,-0.42009511491022405,-0.19820019109258713,espacio
0.0,0.0,0.0,0.24673320834617402,-0.08921325373362451,-0.11688572577586692,0.4486552389527992,-0.35889333201534734,-0.1815726030378673,0.3019029668806179,-0.5394347086074177,-0.23408105867254816,0.06282639881647073,-0.4888921607798933,-0.2624780672042924,0.3255912039386738,-0.9506089593697591,-0.05540372329342922,0.3487905955607684,-0.8778114842543591,-0.1814929242429606,0.3309909316471973,-0.5878048638667217,-0.2593887519866212,0.30559505821704736,-0.5378738919988005,-0.30891321793232734,0.11011689926627498,-1.0,-0.06485605676202225,0.1423642924367263,-0.7979801587730104,-0.17492244130769502,0.17081887632833467,-0.5245189005006409,-0.21442552389973046,0.15947429802709126,-0.5548711350268346,-0.22771651537546223,-0.06773748875489365,-0.916365481946776,-0.09679041311622379,-0.020119914574571563,-0.640019952535891,-0.19647826147570502,0.03887795643502509,-0.42785438802116865,-0.18985497949537014,0.032114279353777066,-0.4989114155584924,-0.17518268556843364,-0.20864936616226012,-0.7788072005229857,-0.14317985788624216,-0.13982308529999826,-0.5017996323483603,-0.19842799730396368,-0.08158890549292815,-0.3452361866899474,-0.1884093785020628,-0.08590233308441118,-0.41337571655105215,-0.17223194837539493,espacio
0.0,0.0,0.0,0.2638187350508638,-0.08649902805580292,-0.11407481952792047,0.48516630184712656,-0.3587512842918885,-0.17716364579595276,0.3720697877189278,-0.5532180971427223,-0.22904006580701217,0.1396145313855356,-0.5094615421671252,-0.255358850258853,0.3443890049767345,-0.9481633678029319,-0.05582544649307798,0.42302467923277987,-0.8840435698459854,-0.17699816587427225,0.3834643767684882,-0.5953055933762316,-0.25167850416789095,0.33952816245562056,-0.5573329582063461,-0.30388858104862887,0.14012659254063403,-1.0,-0.06696779682387226,0.2343761799490139,-0.8406386430144401,-0.18215214311222463,0.2283790615480632,-0.5526009320709327,-0.2207978999741806,0.20022039778628078,-0.5703325182439144,-0.2343824743935749,-0.03135023391496174,-0.9263172410050968,-0.0996944754770852,0.0672180136150161,-0.6755011635665817,-0.19755555469563757,0.09378986458578002,-0.44982340085298667,-0.18930225361553463,0.06277096435941139,-0.5087454683282058,-0.17612905581925614,-0.16830619163541588,-0.7969486324901628,-0.1474063530634934,-0.06326678995014293,-0.5300057262408271,-0.20250684105969682,-0.03217974307860267,-0.3747725819343244,-0.19851508189036812,-0.06574826778811692,-0.4427733206525031,-0.19054894735500486,espacio
0.0,0.0,0.0,0.24872271977596197,-0.09212296828904921,-0.09122576386470925,0.47651175061971496,-0.36486876914352573,-0.14131492627750794,0.42058152420762934,-0.5707623994502969,-0.18446155806962414,0.21707492750208512,-0.5438736686318969,-0.20725780734957225,0.294351612871437,-0.965313767929628,-0.04353513432659062,0.4277522555653404,-0.887958246397053,-0.14737838188602906,0.3882934120739376,-0.6189933338648802,-0.21339531184009802,0.3300352791830423,-0.5876646936722333,-0.25963967852590636,0.10122361788111686,-1.0,-0.0601195502760423,0.24699773077271087,-0.83854051417304,-0.1587351987281211,0.23802630977774472,-0.5608917534685672,-0.19457767119593491,0.18936580786014465,-0.5643838371531544,-0.2087122589723878,-0.06099007470622331,-0.923967783781072,-0.09385741773767015,0.0880909016796582,-0.6859113505261866,-0.18726572904017794,0.11019884630442046,-0.4537896902007545,-0.1852634976632058,0.062436001608974424,-0.4849481159500788,-0.17438147553353645,-0.19178038932522515,-0.7931061358723356,-0.1385369593725709,-0.04291486858997043,-0.5450461325934679,-0.19017825774146863,-0.012091048601598762,-0.3771880394790005,-0.18412005134480983,-0.05383367719637103,-0.4146558219162742,-0.17344409227600827,espacio
0.0,0.0,0.0,0.24516212644267468,-0.10662761618302173,-0.08100492978008812,0.46808503567997023,-0.3712921978785704,-0.12964554030112202,0.4226201326937903,-0.5908768746700694,-0.17499342475802313,0.22864281292606137,-0.5912675693945988,-0.20514113928882868,0.2414911151367384,-0.9757571075108331,-0.046170562328139306,0.41264008993099466,-0.9444864571821369,-0.15693425242794448,0.4015814828739941,-0.6918747840023091,-0.2257369493371362,0.3496442446821843,-0.6351898690911577,-0.26585071721984616,0.05698185239619768,-1.0,-0.062348574273523694,0.2420989943527285,-0.8438566933649307,-0.150525158853947,0.2315734980802315,-0.5771121251134581,-0.18347993843186378,0.165624893187955,-0.5698973275151625,-0.19780376003391154,-0.10064448014340348,-0.9134088992947557,-0.09413615039490775,0.08243848575649512,-0.6996749116070988,-0.18385708879568932,0.09150350533395617,-0.4716361801354282,-0.18135897758868474,0.028950574031665736,-0.48648875103014283,-0.16980845655952934,-0.23320653556793625,-0.7672575034274799,-0.1341766852692778,-0.064662587870709,-0.5711527250838356,-0.17717572835203482,-0.05045587380797758,-0.4005646322057779,-0.15905147484954918,-0.11271886974817043,-0.40985110875649894,-0.13896549946094322,espacio
0.0,0.0,0.0,0.22448559559541562,-0.15228560547759268,-0.07748321236113144,0.3740710785013239,-0.45776808894160503,-0.12294301836620102,0.28775239941395925,-0.6100931728363848,-0.16627205066847292,0.11221274893876608,-0.5507490652478911,-0.1923730836074286,0.19806497921159588,-0.991516792220187,-0.03886248028920478,0.379050388164622,-0.9740151549345569,-0.1403599389289621,0.36344333772164017,-0.6975499367402369,-0.20043739897812404,0.29815483661530157,-0.630383067631432,-0.24065034732061513,0.024770066508560215,-1.0,-0.06177940679258754,0.21850851294232015,-0.9035963455055519,-0.14788274620149003,0.2073738391113685,-0.6103559431928207,-0.16537523681562208,0.14049463439276724,-0.5977205865989884,-0.17139772279166873,-0.12511691080631146,-0.9001018769472824,-0.10259704913145494,0.06220918456574936,-0.7481942081641618,-0.18466188947708972,0.06873695342037109,-0.49939820559278414,-0.16058091936916655,-0.0045639061907312975,-0.5011953536668975,-0.13991528810990436,-0.25102603023267245,-0.7532062069627103,-0.15371481796470302,-0.08764321770222284,-0.6159643929822461,-0.1864612692133211,-0.07644140541656456,-0.43416779056523663,-0.15290640622040194,-0.14675699261464425,-0.43117044831765994,-0.12865555476272425,espacio
0.0,0.0,0.0,0.19900755047730728,-0.10764200179147114,-0.09356471707755723,0.3968671755637821,-0.3450625226551387,-0.16437919361850659,0.5745895932616546,-0.43064552399490524,-0.238856576067682,0.7259841223163537,-0.3873812487050723,-0.29471349925045537,0.25053022941729847,-0.9942502282259325,-0.03449417832388997,0.38410135039258503,-0.8969919698547977,-0.17041654827607797,0.3704677529340965,-0.6475802718629649,-0.25716561862689236,0.32128618627996347,-0.6236426588636527,-0.30904198435701435,0.0826060169447106,-1.0,-0.05753798635502364,0.22777474806055104,-0.8015388391178533,-0.17060435750612124,0.20540893183760536,-0.5421074406661349,-0.20408527087287093,0.1400827947366073,-0.5720567698919433,-0.21442479328336336,-0.07897586222190024,-0.903847266874965,-0.104356285509635,0.06394618147027835,-0.6828098497877326,-0.20322161178980397,0.07125812544798159,-0.4643419334960233,-0.1843604406587879,0.02202141259333722,-0.5057629730461239,-0.15943960927258802,-0.21940449126784628,-0.7610258910110783,-0.1661750868653471,-0.09293461416453572,-0.5704962884916253,-0.20723574144294346,-0.067813308781135,-0.4082015406339706,-0.17837194046245963,-0.0990005661589878,-0.42727354193250755,-0.14783165921943825,espacio
0.0,0.0,0.0,0.16885798296590773,-0.10785417373980818,-0.05477756502934487,0.32385091651387105,-0.33213764778045407,-0.11046728073273426,0.42409797082095974,-0.4855070444948018,-0.1778723838656303,0.482902987269998,-0.5570337995035304,-0.2362742460044161,0.17705523259794698,-0.8267165717626183,-0.04235573529400746,0.23916469484401628,-1.0,-0.1654819959167052,0.2936788426223455,-0.9839509140112185,-0.24213265170611972,0.3229820710913879,-0.9162770634724635,-0.27969860309421835,0.021076820573504088,-0.8527127573423341,-0.06808055793031113,0.14635500457324344,-0.7382024721485462,-0.1794028828190021,0.14777372526446664,-0.5150322063054568,-0.20615132503582342,0.10449861244441633,-0.46078957272165355,-0.20748555169020663,-0.11854262513144828,-0.7772714759464394,-0.1106727682825099,0.029336400420634512,-0.6002758584216384,-0.21273929232945965,0.03276586079679736,-0.42311756847942134,-0.19514872876987552,-0.004885602806370714,-0.41727836060201545,-0.16815003605169734,-0.24109362612164875,-0.6443310433275269,-0.16263891766348115,-0.09392124577323228,-0.47025502974142874,-0.22106776890345106,-0.0782980829209072,-0.33770604976123275,-0.20392275423460157,-0.11004269619733746,-0.3453086833072601,-0.17817636171384962,espacio
0.0,0.0,0.0,0.1566827452529481,-0.09571354551424116,-0.06838339880667794,0.3066447397671619,-0.2831656645872664,-0.13737571984957583,0.39654737903225806,-0.4144032240964185,-0.21396788892396912,0.4147628654340748,-0.4876958842923199,-0.28385337495385365,0.15972906235464718,-0.7522784053599277,-0.06912499207017353,0.1982510850160059,-0.9104624528030862,-0.18124372014968665,0.22381009483843609,-0.9785116171099072,-0.24995317098965492,0.23706605772387754,-1.0,-0.2886364444290787,0.012059046588141947,-0.7781922470519029,-0.08854173665022361,0.133893027169006,-0.6690335662398424,-0.19637170169928445,0.14398607007031655,-0.46562854831869543,-0.22097798260813284,0.11297045148294071,-0.4350721804974144,-0.22140952549405313,-0.11612984452378998,-0.709544036772552,-0.12218278376120817,0.01573668653725136,-0.5459372605953652,-0.2237158124093928,0.02950010174696982,-0.38377011853949494,-0.20334917115809317,-0.0011708382924293414,-0.3880197645626419,-0.17475821919976325,-0.229737710847082,-0.5884140554461135,-0.16574582370416147,-0.10166392633861392,-0.42604363320473887,-0.22800072786535602,-0.07229368023064926,-0.3097434266327396,-0.21132175964803135,-0.09338351852991873,-0.3228625868696818,-0.1858392203685709,espacio
0.0,0.0,0.0,0.21974625063929532,-0.12624506851346226,-0.11033740853266326,0.4220648110387337,-0.3875090636226217,-0.20184510252749363,0.36302266479263395,-0.593250521613178,-0.29268882988385664,0.1852604463878858,-0.6195777702612519,-0.36723297808343075,0.21163086982898588,-0.9721428834001803,-0.08691633230102827,0.33196000484544536,-1.0,-0.24808037159650445,0.39592999861100525,-0.8109839634015914,-0.34421535487305677,0.40799155550391025,-0.7611057286535805,-0.3942015266036332,0.011962995008253787,-0.9709744501443395,-0.10302188702187116,0.1775256205389645,-0.7983135185704653,-0.23763011339890652,0.2077883132496532,-0.5342054148098422,-0.2785631786537821,0.1623790396495095,-0.562382765017365,-0.2891921033966639,-0.14935443815901694,-0.859099679741721,-0.14186214670221486,0.025785960100076704,-0.6411594923729877,-0.27310209160131044,0.06057522146818474,-0.4216936311752598,-0.2606535960454769,0.008993926170117073,-0.45951302287449874,-0.2341003581950487,-0.2845359486895957,-0.6931463840123988,-0.19260600521126342,-0.11105543618753255,-0.4990290605831163,-0.26741957953889006,-0.07041759399954259,-0.3441403540974482,-0.24817509400849017,-0.11406188206077482,-0.37259673682447175,-0.21849519932537959,espacio
0.0,0.0,0.0,0.15076730170320454,-0.10389493609600524,-0.08219709448922957,0.28237173095920726,-0.4015123730339754,-0.1351363236135985,0.32653045082279436,-0.6285677354036165,-0.18302020499083255,0.31819218781417574,-0.7582051513684376,-0.23152921151798628,0.01986725054004402,-0.699621875519073,-0.11706131879493632,0.08258666618931035,-0.8693953130548486,-0.22779555490064132,0.19981004271645159,-0.9570360585799454,-0.3116417860823605,0.3104740023287772,-1.0,-0.3636562782869515,-0.10941589488280971,-0.6700985671400959,-0.1202799613767568,0.07066521267264445,-0.6107388934519897,-0.2445712901993505,0.13174399353237704,-0.3922128753821105,-0.27607868013298825,0.11914511729019253,-0.2391342810243789,-0.2825971696416263,-0.20786095526491402,-0.5646883022864396,-0.1349516429212598,-0.01279724276773965,-0.5093009546987473,-0.24938193863100608,0.044129058552053416,-0.33461622842165606,-0.22260529371874319,0.03527208685331576,-0.21268617416539315,-0.1870902182791001,-0.28798281850316326,-0.42028600581403336,-0.15809486823607558,-0.09817675560619603,-0.42522872513809684,-0.24236703845328797,-0.03767215529288932,-0.2871192060010349,-0.22039617647684134,-0.039958886299970985,-0.18431767951546113,-0.18857196991172112,espacio
0.0,0.0,0.0,-0.251321821704859,-0.06931285056906195,-0.15247315613979265,-0.46414256100841744,-0.29902944767502015,-0.24537627302146744,-0.38908079422867364,-0.4896647205819781,-0.32483914052434315,-0.14848012081304515,-0.5155545281421815,-0.37474500769964675,-0.3001675210966045,-0.963745789890488,-0.12835901415922793,-0.40103117083568246,-0.8741929182841277,-0.29500264394113757,-0.3538786509277257,-0.5750975523951378,-0.39671258058192316,-0.3118640166804375,-0.585825968848849,-0.46821413289024677,-0.09703100528304706,-1.0,-0.13437781144961583,-0.1948401079524319,-0.8046285084666546,-0.29575512609501775,-0.19489502297295183,-0.5161123597660661,-0.3227149942182111,-0.1801687122680055,-0.5858364673086542,-0.3209475936520009,0.08246843017237158,-0.8969034086177213,-0.17186827829290563,-0.0028785969212257153,-0.6196023405508562,-0.3043774404703871,-0.05075863990434288,-0.38124005990178894,-0.2686522416936596,-0.055015765355385486,-0.4568527939278524,-0.22892377325238308,0.23896513451403992,-0.7410579116241672,-0.23166667253328907,0.15558273265823527,-0.464747433807968,-0.3176545851719709,0.09235454712016648,-0.31505958633039965,-0.31683191980482517,0.07566118845593398,-0.37856921134863314,-0.3046012646050339,espacio
0.0,0.0,0.0,-0.24341333107605456,-0.07479094397119365,-0.15148736848627017,-0.45141237960049424,-0.3014024700924128,-0.23645979787441196,-0.38104134075847823,-0.5045508449330874,-0.30513065407218865,-0.16406462382937578,-0.5076164845379117,-0.3414907655958681,-0.3331710914214182,-0.9567479476940758,-0.09885512488003942,-0.38325551554673626,-0.8672536948018017,-0.2506708362117959,-0.34731401460828343,-0.5811580572643409,-0.34000411046791135,-0.302897645972955,-0.5505268928177839,-0.3990677799729975,-0.11917821487231996,-1.0,-0.09994276079494543,-0.1724868917759629,-0.8057325385107494,-0.2554681470928021,-0.18305160757859643,-0.534414683815474,-0.2872872570602614,-0.17388256561437324,-0.5467447978134782,-0.2832302851210582,0.07049383941957549,-0.9132375766918602,-0.1316305430734893,0.010385245861610362,-0.6193204478527907,-0.2639627524135771,-0.04392394544113793,-0.3933336073539538,-0.23819508093228675,-0.06703568562401006,-0.4554100623627523,-0.20092071809127351,0.2409540638343244,-0.7675197864592574,-0.18500939536932087,0.16517074469037568,-0.46563659331053264,-0.26940062040834845,0.11030483030526983,-0.3165646278989889,-0.2697701158495678,0.0893741993036078,-0.3816102726803612,-0.25494914423756143,espacio
0.0,0.0,0.0,-0.2589013273948959,-0.07166283399008523,-0.12788868608614082,-0.4792444270977944,-0.31910242676087,-0.19260635478448698,-0.40821213186251004,-0.5302597093767375,-0.24545440084126618,-0.19070676155722535,-0.5380244250908878,-0.2684302794297174,-0.34927180500512756,-0.9396062416626703,-0.08148020260504635,-0.3934385946041458,-0.9134564717300155,-0.2181284961803119,-0.3631534176430681,-0.6269629229588799,-0.2914827895219467,-0.3393020336552348,-0.5697093533541419,-0.33909659886967863,-0.13621751777367969,-1.0,-0.08810896747397268,-0.18776024846602285,-0.8178917252514302,-0.22882732161125546,-0.1977673316061465,-0.5299825651255948,-0.25305108641562324,-0.19689340204531644,-0.5316273339058541,-0.24412579102468668,0.059452423553276,-0.9281004852261069,-0.12272496815229492,0.0008804362490447115,-0.6336560684576801,-0.2432529798008935,-0.05440994352092963,-0.389711177260182,-0.21417779268023215,-0.08177300747160975,-0.4382734380822024,-0.17604954016216923,0.24244997958018238,-0.7959119291283386,-0.17642657224410713,0.16742969447133818,-0.5085468908044534,-0.25496778901310335,0.10544535586653685,-0.338973445900395,-0.25090301513526053,0.07773479409839312,-0.38454039346960306,-0.23299414374371474,espacio
0.0,0.0,0.0,-0.2469103690685413,-0.05400761570005858,-0.15086330180977314,-0.4541223393868385,-0.29498769771529,-0.2301541873789979,-0.368896699863308,-0.5012134348760008,-0.292881706418248,-0.13961804335090802,-0.5324760788908416,-0.3233405523467776,-0.3262772895918766,-0.9461908806873658,-0.09822364402808986,-0.3839798867408709,-0.8486000781097441,-0.24854700616439138,-0.3489386838508104,-0.536431165787932,-0.3325492274102418,-0.31386096465534075,-0.5054790080062488,-0.3868718938816341,-0.11136301503612575,-1.0,-0.09657576031397153,-0.17586955672720173,-0.7966753563757079,-0.24630825884941382,-0.18862585432532708,-0.4921511423550088,-0.26876158827725993,-0.17323140011716462,-0.5121476274165202,-0.2567369837078399,0.07822632298379223,-0.9200029291154072,-0.12601318708608636,0.00635950009763718,-0.6130738137082601,-0.25308347365121037,-0.04986135520406171,-0.3601675454012888,-0.21588055918138024,-0.058153680921694983,-0.422510251903925,-0.16941118064203245,0.2507164616285882,-0.7825115211872681,-0.17703319050338767,0.1674249170083968,-0.49242550283147823,-0.25378323932197777,0.10279047061120875,-0.31635286076938096,-0.24238712528175127,0.08638664323374341,-0.36457469244288226,-0.21851424889042145,espacio
0.0,0.0,0.0,-0.24121530974873917,-0.05653656188903544,-0.16065532367282526,-0.443678709023435,-0.28314510852279123,-0.2522009383452659,-0.3536977289631552,-0.48159608215788074,-0.3241170805174718,-0.1246180158009538,-0.49349551490255783,-0.36376596132011424,-0.3468678549253975,-0.9457879116951736,-0.12607635798589767,-0.38427298259102805,-0.8389342934576618,-0.2744712279605951,-0.3615899470106151,-0.5428954453905528,-0.3571115387294008,-0.33545097510988453,-0.5099502944919847,-0.41255677688667397,-0.12153943036534114,-1.0,-0.12096768034118464,-0.17308312288827787,-0.7761801924214217,-0.2604940794177663,-0.19167379893922912,-0.47887184080472683,-0.2828397802182359,-0.17959090169458863,-0.5065209044819512,-0.27749782687190144,0.07462856058531664,-0.9193225184976165,-0.1447927480219859,0.020019850740912434,-0.606660862528949,-0.2672352199554078,-0.04178762853453061,-0.36181047802530847,-0.23434549676951624,-0.05524385489786799,-0.4270856919811954,-0.1950218451377293,0.25439604440312835,-0.7738589633862474,-0.19013433758554982,0.18083543204857386,-0.483441738960299,-0.26640781079171977,0.10979180318762195,-0.31629948367426497,-0.2566029065083743,0.08591428196409268,-0.36500980001287986,-0.23572005488405964,espacio
0.0,0.0,0.0,-0.2370162268906879,-0.021985971196457482,-0.17740301516416082,-0.436199816938854,-0.24881624676006975,-0.2889241624728746,-0.30868644065718814,-0.44411657893965173,-0.37626044234596556,-0.07115219760168912,-0.5195321613797864,-0.4304218911750009,-0.3913314967067922,-0.87213572219662,-0.20497494531769347,-0.48696893168139593,-1.0,-0.4089228718457014,-0.5633645473541996,-0.8659051116387602,-0.5119766810935551,-0.6023078492982902,-0.7726983905310333,-0.5710374379561659,-0.15870320606108335,-0.9817288970933723,-0.1993234007282409,-0.13544504522245812,-0.8296525123636885,-0.4031103421115049,-0.1797914264107629,-0.5154923806412592,-0.42537044899230325,-0.20144414904076294,-0.5353352830695508,-0.4075992924893419,0.05765769017160928,-0.9199274698911686,-0.22575213040294695,0.07908229739090301,-0.5979207957010739,-0.38641329438193484,-0.012271942206578217,-0.3482474979632903,-0.330652634914601,-0.06624055701742729,-0.4342066021464228,-0.27490129228476373,0.2613131660741975,-0.7790651249883171,-0.2774368696094643,0.2599903712936272,-0.44912786064914034,-0.4039212011896303,0.18569535922439975,-0.2643257409607307,-0.40132714845064194,0.14468185598856403,-0.32353434132361664,-0.37989601944510054,espacio
0.0,0.0,0.0,-0.24139515855571878,-0.06018773789974454,-0.154778827868014,-0.4370947955604906,-0.278854328983466,-0.24613021807957838,-0.36918445783142706,-0.46404693550731907,-0.3195324811193023,-0.14144735020616217,-0.4912736893171172,-0.3627475618690113,-0.33428878810537177,-0.9518345491832396,-0.12524749030610272,-0.36242741761326014,-0.8437268799012967,-0.27922097739817187,-0.3410559644469839,-0.5670200012932942,-0.3680869525997704,-0.31675798719488507,-0.561348089401735,-0.4304758013247916,-0.12107148960939416,-1.0,-0.12561076005434488,-0.15189694265422463,-0.8152601403233667,-0.2724507273709779,-0.17782026607136336,-0.5191748707480018,-0.2936345918637715,-0.18086185392888815,-0.5536589012385874,-0.28682597942492727,0.06920119182041116,-0.9146827473136692,-0.15580398413090413,0.039384846176349214,-0.6162675771408267,-0.2798665921498354,-0.03783908735095323,-0.38868373145617335,-0.2514380742040635,-0.07384072076847584,-0.47535715991827654,-0.21748597902511352,0.23910871189486288,-0.7650999379537851,-0.2074076220982322,0.1894542833145987,-0.4629574899429477,-0.2873815656912684,0.11551332754760904,-0.30322119433379435,-0.28614167377613137,0.0759497852690404,-0.3603099063431579,-0.2740284196778761,espacio
0.0,0.0,0.0,-0.23961375744980373,-0.018284073036903197,-0.1793375528621561,-0.457011948803819,-0.2234636350965684,-0.29058020254444145,-0.36578143204726876,-0.4064847020602631,-0.3783402589787308,-0.1482914223840226,-0.48643204920995486,-0.4379835060235595,-0.39561597661874903,-0.8931562941742156,-0.18456618579041476,-0.4784966566876535,-0.9151652205444729,-0.36868458346191796,-0.5504184430177126,-0.7318445308317341,-0.4718779048737536,-0.5948223985427095,-0.6597867641092517,-0.5335182244092345,-0.15822682344756203,-1.0,-0.1702855633166315,-0.16157984174638812,-0.7975199544674363,-0.3324403978126732,-0.20878765278624892,-0.5037051502500836,-0.3597439939844903,-0.2369009437679827,-0.527260914246358,-0.35761132933950884,0.05389831811375299,-0.9383296405419959,-0.1856176194760483,0.04469882235738947,-0.5973942817964087,-0.31452318550971864,-0.04156593505786106,-0.3559974438403891,-0.27117759129384506,-0.09224653584854677,-0.4400205145008869,-0.23093130178236893,0.2517887099585789,-0.7975198574079129,-0.225243856354086,0.21400964926958826,-0.461784753812401,-0.31667938708914883,0.13182721541274176,-0.2841807729742804,-0.308129292339642,0.07949000267496047,-0.3433878587853816,-0.2886439863750237,espacio
0.0,0.0,0.0,-0.2503634887762246,-0.013134697805046811,-0.18464658688719057,-0.4680136377168695,-0.22992611419972817,-0.2998957173292343,-0.3465357337043074,-0.4280976248999837,-0.3886423558268334,-0.11355210362472738,-0.47921516225464944,-0.452560103309463,-0.4540959102349979,-0.8530619310471866,-0.222909474550633,-0.5310787278837868,-0.9685801091861381,-0.4244150366114351,-0.6186285460218942,-0.8267925354370931,-0.5494311747230696,-0.6686584421549576,-0.7287128182158104,-0.6302588880934062,-0.20832189539983564,-1.0,-0.21253753145398965,-0.17435720813818845,-0.8440748904383476,-0.39866036050921083,-0.21868968833918806,-0.5477859610879252,-0.4348232810839006,-0.24677875291473547,-0.5417519323982379,-0.43760273642525804,0.021427612106498836,-0.9464932720950124,-0.2307902982338506,0.05987766936366888,-0.6110258578800136,-0.3627447493075463,-0.034379502983163064,-0.3775871105514899,-0.31254354668196677,-0.10409654525906532,-0.4611244766176638,-0.27287419321347034,0.23544572339291658,-0.8022516053358423,-0.27629649791881866,0.2547036532684589,-0.4458432974609738,-0.38111147040627597,0.17599867034960626,-0.2804790301552429,-0.37510609280246476,0.11858369432201481,-0.3470577534888572,-0.35866161955692877,espacio
0.0,0.0,0.0,-0.2685387632904626,-0.04292947916607572,-0.16496962008264582,-0.4851310567956852,-0.26027128952379286,-0.2662429045039549,-0.3761493833721489,-0.4560250914588444,-0.3486591574139216,-0.13979705641318638,-0.5041064773544468,-0.4007765401183803,-0.4344829482752603,-0.9094496142464163,-0.1516368979653218,-0.4704985070720449,-0.8939006251230165,-0.3442870078255501,-0.47499003128163153,-0.6061257690240022,-0.45462745097606705,-0.46518438931876466,-0.5188225845052608,-0.5176274433799373,-0.19916225265823675,-1.0,-0.1513198196445126,-0.2077854945267962,-0.8349184084319733,-0.32575103298777797,-0.23347079764073825,-0.537994062134226,-0.35773415265672515,-0.23844385878390964,-0.5312413912532777,-0.3505964589590225,0.01952878418751171,-0.94042538134254,-0.18336987419722411,0.023709732459502773,-0.6293243492592764,-0.3175465157521115,-0.04522408726972309,-0.39169164174767523,-0.28206482545362876,-0.0889826022667428,-0.4589012361787698,-0.23992101687148296,0.22447082619833994,-0.8073291690516752,-0.2392372209642969,0.20588396209896642,-0.4821232778780606,-0.32049491985813694,0.14382338979116702,-0.3121695863849663,-0.3117160054066155,0.10706427566143299,-0.3695976733919979,-0.2909128021860103,espacio
0.0,0.0,0.0,-0.25711812313366716,-0.05081528744703838,-0.13635400187700442,-0.4713241257930708,-0.2852554125418321,-0.21221794321043114,-0.3862894011972778,-0.4902294879696916,-0.27397563541599806,-0.16244583785998792,-0.5169619373083528,-0.3060698047082656,-0.37763664094076826,-0.9221851364530952,-0.10030059874609422,-0.4389356886437512,-0.8599917743412553,-0.24702937638646383,-0.3993088412837677,-0.5558304346737127,-0.3260486643133323,-0.3569199578246673,-0.5087773315307691,-0.3744806198676575,-0.16463878190950157,-1.0,-0.10297044221564995,-0.2151698999644647,-0.8318189872986262,-0.23491802134289025,-0.21854377592763227,-0.5402381222749445,-0.24813455804301884,-0.20742670774223182,-0.5578905215289858,-0.23316642023009118,0.03273277361943862,-0.9371141044624763,-0.13488087358629366,-0.010097335078649388,-0.6323220932945628,-0.23907576416789555,-0.060010775462302546,-0.38702609481013284,-0.2012253521411087,-0.07464804142508032,-0.45590562939754015,-0.16041185275793893,0.22339160406559963,-0.8100652459703593,-0.1878415316615912,0.16120558629192464,-0.5246741514888386,-0.24562484233105022,0.10760679468036405,-0.3552550528575784,-0.2327076344902348,0.0915125250154749,-0.40338645549622965,-0.21225716009306844,espacio
0.0,0.0,0.0,-0.24468145911550906,-0.052908198084330754,-0.1410048420839173,-0.4631188706414562,-0.2700013755750456,-0.2205136393816935,-0.39295320720466004,-0.48204417310602177,-0.2844158399969299,-0.17371817172739837,-0.524332817524445,-0.31755983965094037,-0.3725119143470191,-0.922705637990563,-0.1028470904899078,-0.42471527311261387,-0.8487699082098967,-0.24568370961222996,-0.38829425645977284,-0.5467047737788723,-0.32138965872662256,-0.35381609666672637,-0.49864338197889996,-0.36970894703229135,-0.15900256710500896,-1.0,-0.10396787693397772,-0.20469623606849222,-0.7965407335968392,-0.2377046837022642,-0.2060036039304104,-0.5017531913531581,-0.2545754114652934,-0.19886375977048854,-0.5161167097311837,-0.24367855177737746,0.035255112014104785,-0.9433066842658983,-0.13360354102236205,-0.001188291074728019,-0.6184470138780661,-0.2470115348661874,-0.04686652768659142,-0.3794112233968168,-0.21413888739482584,-0.06890125847969616,-0.44893434848993485,-0.1763581448167391,0.22248078291177611,-0.8195305554846387,-0.18367254363900298,0.1609039852428614,-0.5128999217713139,-0.25234426970371143,0.11146882836443366,-0.3411290841909085,-0.24324489793378834,0.09034955991124684,-0.3928970029611063,-0.22409787449147467,espacio
0.0,0.0,0.0,-0.23936468319139276,-0.051430570632812395,-0.14909934539401726,-0.4532325191535737,-0.2611686295637535,-0.23372204259782983,-0.3912898404511925,-0.4536647557673762,-0.3004004580837362,-0.1683287497946521,-0.5045718135332194,-0.33595627507484865,-0.3602576187029209,-0.923939233118509,-0.10614882630766982,-0.4139093079527276,-0.8224713803024142,-0.2508446960098716,-0.3701736852645189,-0.5240875096874499,-0.33152703334474704,-0.33170491069082586,-0.5024641274383139,-0.3851954344811553,-0.14485162637902654,-1.0,-0.1042353744698594,-0.19779223195530493,-0.7975950032879335,-0.23708903799472295,-0.19739417659398495,-0.4993613029401085,-0.25343461235101944,-0.18790182500429634,-0.5251978796261272,-0.2431657261438176,0.04893884254325562,-0.942675577779156,-0.1319286867326441,0.0064179325644603035,-0.6185570114412511,-0.24457664965782078,-0.03984511442434652,-0.37418472741871417,-0.2081912981708653,-0.06102480318557911,-0.4497514284402223,-0.16862381173802932,0.23535203139372873,-0.8207572046931523,-0.18088523535405548,0.16968596329350097,-0.5133523239701004,-0.24901592798837432,0.12441748659853456,-0.3394177540834051,-0.23719984301056135,0.10730640841673102,-0.395561928902048,-0.21647894998036493,espacio
0.0,0.0,0.0,-0.2361349058706725,-0.041818147258046896,-0.14858340132631265,-0.46679327836095874,-0.23102586192496496,-0.2371229989849019,-0.45389409200253517,-0.4331579150485004,-0.30937040903879076,-0.24592224008042526,-0.5122746079200693,-0.34774660685946707,-0.3910997668534898,-0.9108494439562292,-0.10795843072642743,-0.43148107650212264,-0.847277323770672,-0.25782000778602426,-0.3847301419864743,-0.5410274881713139,-0.3368108201661558,-0.35405370222565347,-0.5103732244970685,-0.38812652450266555,-0.17331869263617605,-1.0,-0.10896018263726688,-0.20711303256927915,-0.7973722969414473,-0.25020151404342467,-0.20031150201610387,-0.4829830695659036,-0.26684039500161594,-0.1935958917983616,-0.506440569143982,-0.25490781241681354,0.02877361633219816,-0.9507838718602357,-0.13951764193358798,-0.0011575725191631148,-0.6264958538398134,-0.26243090578697004,-0.03943599395812041,-0.3745974944286182,-0.22333343315043688,-0.059266791377553536,-0.4460050692037902,-0.18014473654176533,0.22470404524459264,-0.8330352841697494,-0.1905184650408014,0.16573984704836286,-0.5233478671500733,-0.2640781042176327,0.11654215098055742,-0.3402307042606694,-0.2491198058204358,0.09006966363196682,-0.38873239761128026,-0.2248998712658113,espacio
0.0,0.0,0.0,-0.21815501901297313,-0.01053685536393041,-0.14944889530074998,-0.450882753218233,-0.16723666936819864,-0.2518581168299932,-0.4673763838746818,-0.3711372666895431,-0.33437149949148065,-0.3040635405019918,-0.4793607750666895,-0.3873976262705315,-0.4385724365264737,-0.8194436331368485,-0.1915422934551956,-0.41409231020319026,-1.0,-0.38328400322064177,-0.3913165658313248,-0.7606642265795719,-0.4740410701338024,-0.3937054793937492,-0.5849465471417332,-0.5161955854348353,-0.20413396037055118,-0.9239580878006702,-0.197414835450026,-0.20347985890977677,-0.9381223931953097,-0.38208587720909615,-0.181398332916998,-0.5765701345981317,-0.39552404192074797,-0.18251299616922567,-0.4643335645437674,-0.3679089741236452,0.016545978342539187,-0.9066895156977991,-0.22956472947776166,0.012737023718002722,-0.7481989215985281,-0.3800624434494178,-0.0033707995996527245,-0.42680154561680106,-0.313635480261974,-0.03381093013814799,-0.3617072468864624,-0.24337514983750866,0.22308470335055522,-0.8207016409874359,-0.2811315055070615,0.2045978489308401,-0.5822729991515762,-0.37966680257333085,0.16646525038289642,-0.3323794312927814,-0.34450141274989715,0.13071559678270142,-0.2834868881766342,-0.2970483086935581,espacio
0.0,0.0,0.0,-0.21992545564373994,-0.007696097232984305,-0.14534127743811628,-0.46119089287073023,-0.14612898867820223,-0.25034888686715046,-0.5129416098972172,-0.33706184518439264,-0.3436577088551345,-0.3480612333631997,-0.43698008786000786,-0.4133227813963199,-0.41394789271078714,-0.8046180465512074,-0.16281320538530092,-0.43566715684828233,-1.0,-0.35413786426392896,-0.4215545072121917,-0.8494807284088456,-0.46310735317583446,-0.4105803527754787,-0.7098686447850008,-0.5209116449306899,-0.19112366241756332,-0.9314444842145474,-0.17565044706942415,-0.2327847647205887,-0.9545043394272174,-0.36776323578225484,-0.21910011817155528,-0.6765076966795501,-0.4122214256067678,-0.21145254736567498,-0.555194152293786,-0.4021612664245584,0.019903211129555468,-0.9115978548989951,-0.2142792178639687,-0.02361257121738442,-0.6716377785611022,-0.3760135776024074,-0.04904236007695903,-0.3961165659128636,-0.3448686373170875,-0.07803709437730112,-0.3263048950353971,-0.2909810105466493,0.21505806089950139,-0.8098291054521964,-0.2722819827056794,0.1794231644199578,-0.4958950524784193,-0.38281229988217114,0.12440603653224717,-0.273590443166625,-0.3703414691175034,0.0651469224928142,-0.2153199095001545,-0.33498421659063526,espacio
0.0,0.0,0.0,-0.27908558128043026,-0.0259105282595727,-0.17581640078027824,-0.5335413922737124,-0.20286382700097816,-0.30313717497427173,-0.47935372010549626,-0.36131323991773656,-0.4183215249979551,-0.21208159768223878,-0.38260501924317025,-0.5143308605927643,-0.2803924265712058,-0.9136296320890401,-0.18934254059666233,-0.3918767971413473,-0.9063172058369189,-0.39219359343555543,-0.40816045813642976,-0.751403163550885,-0.5242510484904477,-0.41851755471707225,-0.7230550880080479,-0.6014990476901492,-0.05165138115102854,-1.0,-0.19981506278112382,-0.14721515720627673,-0.7813235929179614,-0.3970666937236155,-0.20878155191085296,-0.5847813052671158,-0.45120526352196055,-0.2417592640702814,-0.601606332017397,-0.456167243950435,0.14006690858162818,-0.9231057965805778,-0.24137520623119108,0.03267016207986212,-0.5607387152405348,-0.40480541047333396,-0.04364084963593099,-0.37898685910627433,-0.39179996598531486,-0.075531194935007,-0.4435283938900482,-0.35361616293292614,0.29284222195823484,-0.7616201216445186,-0.30763637499910856,0.19554536401403197,-0.39734112014633044,-0.4104422385658832,0.10680449969589949,-0.248655910211331,-0.4072838943646305,0.05707409380525364,-0.28553841961300647,-0.3829788141719983,espacio
0.0,0.0,0.0,-0.2819533807573243,-0.0663738527270914,-0.14369892206210352,-0.525127655778592,-0.2573842873030827,-0.24168511266903817,-0.49680190040326155,-0.4260301764711258,-0.3207907195897674,-0.2813765407399843,-0.44932072543368795,-0.3708993625942387,-0.4002702515844972,-0.9450409638860601,-0.15941508081419803,-0.5153957776145147,-0.8094373689022537,-0.31794677512852426,-0.48795321228467586,-0.5634756463647854,-0.4072444557687521,-0.4448396112573106,-0.49228542286436083,-0.457712767017202,-0.18732966481492444,-1.0,-0.15868944895236467,-0.26366178082741526,-0.6440645774733791,-0.28307971653779,-0.23899504078508255,-0.42319792874004314,-0.29858776786155194,-0.20414832109456363,-0.4453491019493954,-0.29714469929914417,0.00464948748951516,-0.908518954563642,-0.18152717800463847,-0.05501327318118081,-0.49099028937958755,-0.2712415577610604,-0.07364569248417291,-0.31322701013895415,-0.2205026571881342,-0.07021375761951326,-0.37610207535257073,-0.18143473410225566,0.17897258703658597,-0.7495501104807073,-0.22732249655105327,0.10889670679679854,-0.3801265452100723,-0.2883188831306175,0.08949970378217122,-0.25763878431090514,-0.26779886985147616,0.09081132692475034,-0.3283351127594588,-0.23844653394244503,espacio
0.0,0.0,0.0,-0.25193636914618517,-0.03192456668405877,-0.1370559582743115,-0.49284676430605273,-0.17599576994714108,-0.22539382153221854,-0.5473125364271242,-0.3535683535624435,-0.2971088989461062,-0.387295696592997,-0.45233019825713233,-0.33759382135491567,-0.4274346074942581,-0.9207606806027392,-0.10823451222940206,-0.5097487529450748,-0.7733813994891116,-0.24836964066909037,-0.43976247717348466,-0.5132164033932226,-0.32919202858633206,-0.3847700169787214,-0.4717972671518133,-0.37927637550937343,-0.22528695733373497,-1.0,-0.11024311998902347,-0.29749464126651787,-0.6765941179373488,-0.23831804454418284,-0.2534717136392905,-0.41827326886140714,-0.259180831909067,-0.2246776264147416,-0.42358743036798524,-0.2534239056949436,-0.028635204138170563,-0.943190579227844,-0.1373859017077957,-0.09239795160005512,-0.5517768260990636,-0.23980930956974056,-0.08566664752452173,-0.33456010513667145,-0.1963458217993549,-0.0795092137907367,-0.3832786042007585,-0.15341685298013596,0.15117681343175746,-0.8208156346473086,-0.18593883188916963,0.08837366859076415,-0.44021056096761674,-0.24881986687309762,0.09101922465644857,-0.2908202711177834,-0.2325408516251479,0.10001852815161051,-0.3510599117287731,-0.2046294249564889,espacio
0.0,0.0,0.0,-0.30989227482855186,0.0340443626416074,-0.11591859970954921,-0.6371411482527718,-0.14185360732085864,-0.1853762733061524,-0.7029092537596016,-0.4044233552788004,-0.24774837745501188,-0.48209378093097754,-0.5137723978755732,-0.28564477253388126,-0.5914311283013776,-0.853386435545456,-0.07341717476758126,-0.6435000414297878,-0.9926359793488782,-0.20684283373014628,-0.6448977313136487,-0.8249819303235926,-0.2806690053739225,-0.6147925636454771,-0.6744279572400458,-0.3208019469980827,-0.36859094699006245,-1.0,-0.08573996450495391,-0.4062534375414781,-0.9222067744709096,-0.20750142116525847,-0.40806564596762385,-0.6261178457348888,-0.21815159355399852,-0.3868647381973927,-0.5005239130417993,-0.19505822438325515,-0.1460485526219539,-0.994127782705342,-0.1257505613730385,-0.19149509898298975,-0.7527336764153734,-0.22468197074601218,-0.2131456109746239,-0.48364814271530276,-0.1821629546940933,-0.20815483861856426,-0.4248238020364478,-0.13433299567262186,0.07855098793218136,-0.9084151236047512,-0.18486133855724063,0.0180255434777212,-0.5958848029028876,-0.24802453926266138,-0.014511789946673077,-0.3725240736856634,-0.22640079665120338,-0.01893368883879311,-0.32925747338756756,-0.19268933421500167,espacio
0.0,0.0,0.0,-0.2839541858166585,-0.012712787890329718,-0.11118857866033938,-0.5758288817195916,-0.2558971991329784,-0.16047263550687704,-0.5759710997826418,-0.4839919913335515,-0.2071496869176708,-0.3314779998074876,-0.495952624620226,-0.22611536037482616,-0.4818331964837667,-0.9062570108324955,-0.0175175270505345,-0.571666507495457,-0.868132680599516,-0.14838924495667397,-0.5146040997606027,-0.6230318103191543,-0.22345124402651131,-0.46329860387070476,-0.569479645769653,-0.26977119624124213,-0.29011533602360934,-1.0,-0.03431991866624284,-0.34810300882561973,-0.8451891396636005,-0.17087976014207829,-0.33299577734792135,-0.5492744147444153,-0.18847603141050706,-0.3185293748112785,-0.5204324031895273,-0.16649831359035772,-0.09502756675819482,-0.9529702760480859,-0.08411581632028525,-0.13077073336863354,-0.6862583821536863,-0.18660591097347,-0.15129684978513772,-0.43389808031986443,-0.1507773546601088,-0.16261825526126777,-0.46828188712632673,-0.10324867841265391,0.09147710694176726,-0.8421353128580763,-0.15503801004238438,0.04877457947248966,-0.5658801160122658,-0.20006056384931703,0.02241752247092488,-0.374354673765891,-0.181417953791844,0.0151670384114977,-0.40150664497417377,-0.1548355258978147,espacio
0.0,0.0,0.0,-0.3082835136834826,0.012736441250252367,-0.20705152382532702,-0.5601758094871218,-0.27273843697568695,-0.30490317180720766,-0.4464821162115562,-0.5149521141926247,-0.3722918346943726,-0.1831912577943521,-0.5958366382701238,-0.3993246318892181,-0.47525546445868266,-0.9025517902353332,-0.16494918952275184,-0.45322757535603975,-0.8219029474079935,-0.3697362154509382,-0.39714750499511514,-0.49674014494536123,-0.4828568338473496,-0.3786235528089836,-0.4419644435987107,-0.550842195433348,-0.2656721765706475,-1.0,-0.14342118322925487,-0.1767625156351164,-0.8403262779024462,-0.35218274277265144,-0.18623766305192832,-0.5166046676769059,-0.3905083523391381,-0.2189131650580965,-0.5607023097040988,-0.3809410998729088,-0.06688966191018772,-0.9517581180773274,-0.16117360188603883,0.05784744767602414,-0.7056388525971118,-0.33576773863036086,-0.00731363753449008,-0.4275632888626918,-0.30245211929410204,-0.0795173129181451,-0.49695893214765585,-0.2507791444332807,0.12357940318527062,-0.8421005242260182,-0.20562328059744997,0.2198667505180764,-0.5911751806015487,-0.3333639337566137,0.1532598318485291,-0.3924492888487681,-0.3421880801778835,0.07826956681155015,-0.43109265967543936,-0.3240341262048815,espacio
0.0,0.0,0.0,-0.3390787346352637,-0.00991515384872279,-0.24283233843145385,-0.5596097744966496,-0.26561344022756606,-0.3858667621200121,-0.3966911179693501,-0.5099215384282934,-0.48834830086262315,-0.16480407198662578,-0.6166290795007848,-0.547418529273413,-0.5595098803824461,-0.9215597429666489,-0.2812501954129425,-0.4381110288209744,-0.9728118081325793,-0.5376762993067502,-0.3803939383819314,-0.6772237490644135,-0.6693735759397783,-0.3663388266910787,-0.5233978143128523,-0.7394579899041308,-0.3046595643948696,-1.0,-0.2592357476004959,-0.14249065395775176,-0.9112525759322959,-0.531593170116256,-0.1446486418525889,-0.5512118914267865,-0.5826528138763608,-0.1988146291345064,-0.5129987093326838,-0.5720359456206869,-0.06140217154284839,-0.9557812859132601,-0.27454147564883796,0.09133799178451946,-0.7922500044200935,-0.5009827944868838,0.031459868497305706,-0.49254968676270383,-0.45654950941442374,-0.0721846459701516,-0.5176678997090596,-0.3902616120234576,0.1608356137741902,-0.8479723557527027,-0.317104029794984,0.27858258404562325,-0.6215022817505143,-0.4881855923078759,0.20279290977705047,-0.4009969766560126,-0.49031386735163485,0.0977724692999947,-0.42192248531055576,-0.45828974935674643,espacio
0.0,0.0,0.0,-0.19647899448868708,-0.028953755090243793,-0.19083855239873707,-0.39946876479468113,-0.20473111458650983,-0.3151332361451099,-0.43400875854828064,-0.4190486487451781,-0.4174566477046777,-0.33528554377556286,-0.6046302171662655,-0.48960393231595767,-0.3997577918411295,-0.8499243075240009,-0.2004234555009154,-0.41248313442746926,-1.0,-0.4272048078990343,-0.3793590626284147,-0.7873449051558427,-0.5491237048522545,-0.36068925477413866,-0.6210509908542059,-0.6076197994931806,-0.1564187588452661,-0.9495518722022949,-0.19940762685416177,-0.12565610983571268,-0.9397188382160917,-0.42286673321514434,-0.09606140960955727,-0.5583724962716675,-0.4574404532611014,-0.10568179810927009,-0.4575849412444313,-0.43730673021035005,0.07911460281491768,-0.9234532540000353,-0.23298656685668906,0.10805826428097388,-0.7821623144059116,-0.43397132121378634,0.07773779365409965,-0.44076294599503435,-0.379326914741211,0.030268061424361777,-0.3731247938814003,-0.3052336958514592,0.2934422305977735,-0.8258031661757995,-0.28764325067022334,0.31822460138434056,-0.6311783898611875,-0.42445842010626345,0.2537566236982379,-0.36064790973660105,-0.39411533587904585,0.1811293096135753,-0.2916981688030534,-0.3418759537408397,espacio
0.0,0.0,0.0,-0.22599830413859773,-0.042546114268684355,-0.11996837285107867,-0.46541325842900605,-0.2628445238502256,-0.19623360780579266,-0.4210994242240413,-0.470932655694751,-0.26437023612395505,-0.18649766800147044,-0.4855732646920446,-0.31216353618552645,-0.33638114371555516,-0.8865470991088029,-0.1116287172274298,-0.3624349680267344,-0.9892320932315313,-0.2676043192695737,-0.35420508576883336,-0.8333426623359923,-0.36063041545259966,-0.3561588814878801,-0.748709950213382,-0.4163940088180147,-0.11956068717937857,-1.0,-0.12485073475788648,-0.14760499288222312,-0.8425341252395915,-0.26895993996846224,-0.16556886997538656,-0.591899311822166,-0.3018730159146122,-0.18883231395069144,-0.5641191807824563,-0.3006008834861417,0.08398050137590182,-0.957195478661041,-0.16366379818552343,0.05280562190913753,-0.629119385011974,-0.281388653466218,-0.011884645117174795,-0.40416321871771094,-0.25997722137858387,-0.06515129625231271,-0.42384394746914245,-0.23015247866995583,0.2754695009689556,-0.8384327048611163,-0.2219326660618844,0.22940439864996726,-0.5045584784749653,-0.30596517032423004,0.1507003937847663,-0.29677536719710873,-0.30364929268948015,0.09099030136712752,-0.28191407685988795,-0.28620364799740533,espacio
0.0,0.0,0.0,-0.24892136863731695,-0.05798386553885124,-0.1346204345079578,-0.4898930266126242,-0.2629020634346603,-0.21479188468384627,-0.4610464803777754,-0.4634551167345328,-0.28383390692391564,-0.23389927625059295,-0.4640840465675262,-0.3233022545636806,-0.35380528119457005,-0.9366877649351266,-0.09002374124275678,-0.42943466764356397,-0.8419863370055697,-0.22113181520515562,-0.39825932762119765,-0.5490033507786738,-0.29686742358205015,-0.3653049072912965,-0.5369756156618767,-0.3502945223587889,-0.15541016902097876,-1.0,-0.09337173455894222,-0.2402165455721033,-0.7644428162822482,-0.21004117353704083,-0.22911122696111355,-0.5059468102371741,-0.22341489520793184,-0.2156605198325289,-0.5548079577471037,-0.21798693120910287,0.02939104124625379,-0.9337169951431713,-0.12443622778563093,-0.04951533473083922,-0.6061620720660074,-0.2210322990093775,-0.07368978604800679,-0.4089930912694499,-0.18828871785618986,-0.07948813085414329,-0.4958540832690157,-0.15593725243193618,0.19981015211314057,-0.8076120757450277,-0.17672928810956215,0.11038730951937382,-0.5053592106753168,-0.23377412936635725,0.0773838355848416,-0.3594151349156774,-0.22511327189891137,0.07114922680560318,-0.41135997987758516,-0.2092602818990627,espacio
0.0,0.0,0.0,-0.2393954599929471,-0.06047787417861041,-0.1291811562914486,-0.4847763407967874,-0.25357948627468546,-0.2035018934497368,-0.5046578283278996,-0.46364968110723803,-0.26688514091056553,-0.30260059429032915,-0.5070218706025915,-0.2994171251122377,-0.3573561105973893,-0.9497679384710109,-0.07789221041443155,-0.4392122254010573,-0.8233908653724819,-0.20730553458641424,-0.3966079659641575,-0.524155293988182,-0.27701957243882935,-0.34667057130585854,-0.501097838723092,-0.3219287304623513,-0.16159408410783807,-1.0,-0.08254006304097972,-0.24771388756321638,-0.7477790280404175,-0.20083697435921152,-0.22209628649259341,-0.4685964921455136,-0.20844844870079818,-0.18652185548272504,-0.4952365599734618,-0.19310199742439724,0.022095922706333315,-0.9314851778698814,-0.11518927594393269,-0.05913186501619872,-0.6029357096458154,-0.22192145757922924,-0.07004067812487282,-0.37363008894346694,-0.18486378756656263,-0.05699757650140842,-0.43042485460486335,-0.14202883648330947,0.19596824782575184,-0.8076211857294835,-0.16761101102477394,0.11033023379860839,-0.5167661129460843,-0.2266070103990616,0.07709153794506692,-0.34535525660914373,-0.21116019106191197,0.07702878481519772,-0.37620683249711756,-0.1863096958464971,espacio
0.0,0.0,0.0,-0.24751249744934836,-0.07372409415429315,-0.08976636218503892,-0.493409592115854,-0.2890746444109051,-0.14616570915873167,-0.5116077106719265,-0.5158663916622991,-0.2008354243126661,-0.3283478380885015,-0.6005062634485524,-0.22849503263965873,-0.39930562785293733,-0.9009190674520194,-0.048193012434333514,-0.461052040432067,-0.9781561897101806,-0.17942277081995398,-0.4379401324137701,-0.770178167849832,-0.24267656645728372,-0.42114432196689594,-0.668796026991992,-0.2735160119352089,-0.19888169914149378,-1.0,-0.06626815314404229,-0.27023474323638574,-0.833765332911348,-0.1852592863948426,-0.2452942187807677,-0.5398567351778139,-0.19023875327741982,-0.22377486922519085,-0.5102509722221396,-0.16553842138038344,0.00038597382540633444,-0.9638689711667796,-0.11038229770456576,-0.07531034663281265,-0.688282945941653,-0.21157466413221976,-0.08355072123207033,-0.4288947334918555,-0.16341455400355984,-0.07798337004883568,-0.44151288889629214,-0.11051307995000775,0.1963371750261609,-0.8640946183184082,-0.17031849125782722,0.10848696237766539,-0.5997050465125825,-0.2258717283396319,0.06743310153883862,-0.39892274752921425,-0.1973600685153547,0.05566684890564404,-0.4028307920018704,-0.15973553276369626,espacio
0.0,0.0,0.0,-0.23346772960042092,-0.03495912213967608,-0.1427404267103236,-0.46747363754834065,-0.23861079237806862,-0.23054443824144544,-0.476758604540699,-0.4426867313674658,-0.3030028442746494,-0.28184949583323365,-0.5166438717693864,-0.3410318800977714,-0.37116796826549836,-0.9188041494685238,-0.10848655125333644,-0.42481738589712426,-0.8040841707375813,-0.27009078548661863,-0.3708378084194098,-0.5200816277948315,-0.3512988445905706,-0.34366258286672857,-0.5232343873493605,-0.39982814266161615,-0.15992039677026249,-1.0,-0.11413990594101112,-0.20262181179665134,-0.7553082817504924,-0.27140163576502413,-0.18692297809075725,-0.4671726225404176,-0.2913876529170951,-0.1853551637811979,-0.533554329816115,-0.27662201023169863,0.04676945598712288,-0.9550574359105565,-0.14930259003599436,0.017502921436306572,-0.6186479131127856,-0.28519515348580876,-0.006740021925372528,-0.37151681640476175,-0.23800223523652364,-0.01925695123857219,-0.46750834437852246,-0.18399537618796913,0.24432051090233864,-0.8510168155704629,-0.20441827390794173,0.20050358275715732,-0.54307334543252,-0.2834020228796685,0.16495533442311297,-0.3569341632567021,-0.261883259777701,0.1562225619981345,-0.42075090229415485,-0.22939466325183247,espacio
0.0,0.0,0.0,-0.2610860382736577,-0.006503010461741833,-0.13435608838023574,-0.5019892800710531,-0.19974986832457217,-0.21529449526247144,-0.4854611738218922,-0.4412903159177519,-0.2834618185850298,-0.31637278088176063,-0.5875797539993184,-0.33375955996416207,-0.47181071786345,-0.7670709188362991,-0.11501699575302696,-0.48450113085955654,-0.9252530750085202,-0.28823716997769105,-0.4832744322465377,-0.9601748443131707,-0.40527653834873695,-0.4777120490762065,-0.9689074554110855,-0.478819252824772,-0.2489939997314854,-0.9015276415123569,-0.1282391451091083,-0.24799182063224862,-1.0,-0.31747156773043045,-0.2371781181257681,-0.8516359768251247,-0.38446017651498876,-0.23475983434714806,-0.8612180235260097,-0.39178540965795217,-0.020722923917421435,-0.9090685641698252,-0.16558427156915642,0.010196738580383976,-0.7782155139472678,-0.3316898287885845,-0.04362164227659069,-0.4803422528374764,-0.30070985378109705,-0.08702702702702703,-0.435930144894608,-0.2422624878060276,0.2058936888742009,-0.8320559956211465,-0.22010678032169959,0.2016451682863605,-0.6309504384017185,-0.3320502838175531,0.1545619597434653,-0.4131979055861364,-0.3070019511899312,0.12456929225748485,-0.40249821850891776,-0.26093589659884797,espacio
0.0,0.0,0.0,-0.24218785237544171,-0.003922107980222751,-0.18447290944609684,-0.4607321027427805,-0.22157446499133346,-0.28662283088446244,-0.38641321335839524,-0.4708972789843344,-0.3665312427910072,-0.18566515285598054,-0.6147198524069312,-0.41359514931169233,-0.4837835171995104,-0.8587451162355617,-0.15309406593448208,-0.480784143747647,-0.9548271296732364,-0.35473991249455683,-0.4513573125762057,-0.809613461940095,-0.46207696251328845,-0.4430696505732244,-0.7594829426553323,-0.520297084201625,-0.2543450163953709,-1.0,-0.14373958185496372,-0.23697078563023657,-0.9089512102844658,-0.3372289340097475,-0.22655072979197027,-0.6002954454627588,-0.3664216315981623,-0.2500150269675024,-0.6415430588607938,-0.34616196837820506,-0.017965492155182033,-0.9855353976543112,-0.17019423398645456,0.013378029878890514,-0.7242927021729134,-0.33428309268248424,-0.03275962270039932,-0.4164519593174376,-0.2791695244653772,-0.07887745542732852,-0.4611059014536565,-0.20991347281150777,0.2063159571576294,-0.895864550758503,-0.22144350984406835,0.20972163758288564,-0.6124054678712321,-0.3333036307729526,0.1586920008835579,-0.3992325827258873,-0.31289913907575734,0.12580104850723633,-0.43615900522864376,-0.27096014624841375,espacio
0.0,0.0,0.0,-0.23775521866181024,0.018441171309630182,-0.22679424614883217,-0.4572799586082397,-0.2144513313050053,-0.34292714516989603,-0.38715360345127964,-0.4644233474691905,-0.4243343395140471,-0.15940157655479328,-0.6080785941422909,-0.4660979494829915,-0.4755321654876588,-0.8611536588306435,-0.18415517550555066,-0.47998659599757804,-0.8703190220035705,-0.39621574201761794,-0.4187783579014547,-0.5868872804818098,-0.5115432674205479,-0.39529915485285994,-0.5473330012140317,-0.5790304350570986,-0.25208717841434763,-1.0,-0.1560244882860803,-0.24264742853453888,-0.8876510372139128,-0.36449011240876644,-0.2243887110500108,-0.5428833556066625,-0.40177509281145285,-0.24603011931429053,-0.5836462541939474,-0.3888444427573403,-0.027332147775675296,-0.983426352623315,-0.16787887844593605,0.006385883878572979,-0.7190495049939871,-0.3465348048105216,-0.0335070252958972,-0.41310793461564016,-0.30197516449086187,-0.08905252732669612,-0.4830209301834869,-0.24179730809425903,0.19013775106913156,-0.8896443021105891,-0.20707999660706505,0.19571522173983608,-0.6039839726159243,-0.3314100023936595,0.15816440470203746,-0.3999036430443872,-0.32511428647379453,0.118858234397629,-0.4537425821263809,-0.2958654518524988,espacio
0.0,0.0,0.0,-0.24818283194688337,-0.013151419379292791,-0.16596156146541577,-0.4895354309225645,-0.27230988117974286,-0.2457308058974901,-0.413694377965242,-0.502927164226112,-0.3046086878243229,-0.15758572765276432,-0.5821348094462928,-0.3289534734845911,-0.4170143869742675,-0.88987440466272,-0.12682829563873696,-0.44521241707393444,-0.8894935352917588,-0.2950012030087424,-0.37932040452721844,-0.5521828758933492,-0.37578572066881283,-0.34832562133893896,-0.521130449590657,-0.42619319596265903,-0.20515675155048624,-1.0,-0.11973604102023808,-0.22247356345411898,-0.8979305242996489,-0.29426099803510114,-0.20572380744855975,-0.5288613653800729,-0.3131405828874868,-0.20511734621941372,-0.556884781521976,-0.29117894082778917,-0.0003194908069486687,-0.9692260478027682,-0.14649779990429082,0.020945764567795663,-0.7192153358517099,-0.2933867197184705,-0.0224818400385264,-0.4098714016542182,-0.25103836707005506,-0.06373731732461241,-0.47953446043810966,-0.1967185027181464,0.20709815992485153,-0.8738685890804019,-0.19541841976919205,0.19639909982989057,-0.6181044790604245,-0.2885932223305386,0.14880038965866413,-0.41016042291148996,-0.2796839186806015,0.11072165590283436,-0.4561191974642889,-0.2552766191726188,espacio
0.0,0.0,0.0,-0.24291404769451047,-0.03694266280323996,-0.13566725933312349,-0.475156410870124,-0.3067771244591483,-0.19909887966158704,-0.40394399876075177,-0.5449591923890076,-0.25052361572938736,-0.17337564768834848,-0.6071099584606506,-0.26973413844166355,-0.40299430784534845,-0.8958509433149491,-0.07931782028978661,-0.41958401598014006,-0.932573228757976,-0.24010442019090922,-0.3725179019162418,-0.6158468866598523,-0.3254082528170856,-0.34598617941541376,-0.5506211075581304,-0.3774974373238582,-0.19853375596338285,-1.0,-0.08436513937423779,-0.20380740758914015,-0.9090992599599869,-0.24054599508597677,-0.20543891325005684,-0.5685862129070669,-0.2586543635489353,-0.2142273341528423,-0.5771785764107503,-0.23982131730049966,-0.0028092764462103797,-0.9683739945015492,-0.1229876446525965,0.01530217658659575,-0.7422231040486388,-0.254681401925406,-0.03094682957569727,-0.4543641991914647,-0.2177172541125336,-0.06995790150544125,-0.5024061784397625,-0.17041528634953354,0.19610261568670298,-0.8778176564914612,-0.18225650424754147,0.18866969384806256,-0.645873979524447,-0.26611033942695717,0.1388431572187778,-0.44786570588794106,-0.25922777260269336,0.10089759912773356,-0.48318884471198464,-0.23808306412699434,espacio
0.0,0.0,0.0,-0.2393525025962446,-0.02650068586040358,-0.1448712535464339,-0.4746221060962153,-0.2692668882975907,-0.21504589203128605,-0.41296738580230136,-0.4974173102270505,-0.2688272667030932,-0.18388965801581256,-0.5585969054035069,-0.2889970162705034,-0.41031198000097424,-0.9055222528696357,-0.09287858727558718,-0.42256441898834357,-0.8629243562690041,-0.23679359706401176,-0.3757533698231306,-0.559793966546391,-0.31651314969806166,-0.35745844067183963,-0.5492147021925647,-0.3745690619700563,-0.20787634604075345,-1.0,-0.09199254599971034,-0.2188149546513196,-0.8462771864403669,-0.23390429980441768,-0.2172825526008688,-0.5223786754245945,-0.2510866560720098,-0.23244800980466215,-0.5692375900919823,-0.24142887323313372,-0.016029860166371448,-0.9570313928508143,-0.12221812806327827,-0.009943457993079975,-0.6935114711299718,-0.24020569079850226,-0.052309651676104456,-0.42779051288803355,-0.20147471610015022,-0.0937617413441452,-0.5016008115955944,-0.16198401775094526,0.17572329503857834,-0.8577529758858118,-0.1742590128267288,0.156796513019346,-0.592082142284794,-0.2550875025430586,0.11482369187041863,-0.41417214213653814,-0.2529876860274836,0.0777993729478019,-0.4704119892493235,-0.24002953092490106,espacio
0.0,0.0,0.0,-0.2575603098475343,-0.036357162485979824,-0.14588869297612306,-0.4942150229270097,-0.2653477441340352,-0.22521980905688127,-0.42702837727136217,-0.49232851099080766,-0.2895137487106808,-0.19936745127924357,-0.5556296306981631,-0.32223530730516164,-0.41703845389092997,-0.9079929462938141,-0.09831622609047845,-0.4511545634270684,-0.8508001383949506,-0.25193310802730606,-0.408321065267079,-0.5337962542462829,-0.33609647640904705,-0.3777932790303017,-0.511693220756836,-0.39248883058819833,-0.21036423924349312,-1.0,-0.10037404635840881,-0.23830839211119786,-0.8234884472618611,-0.25075651173556873,-0.23346210423389818,-0.4965961960525544,-0.2691069630957819,-0.23025202567163994,-0.5239405794770263,-0.25550173259011916,-0.016603624669008672,-0.9608613831622811,-0.13378586716608817,-0.027627088383211065,-0.6790910180212814,-0.2620472222463434,-0.06285618559537048,-0.404073097063993,-0.22256437587713407,-0.08805143142581666,-0.47178542896599357,-0.17611330532782166,0.17599398519829323,-0.863066634066194,-0.18842822328430553,0.13753799210325313,-0.5826314337034038,-0.26363162044106203,0.10002188426334445,-0.38954539665354165,-0.25064565877194006,0.07844990116562155,-0.44529336474789494,-0.22769021546555623,espacio
0.0,0.0,0.0,-0.2757451355745631,-0.01199362735317401,-0.1430223314901396,-0.5343353265319272,-0.2705422148897708,-0.20998355336235117,-0.4702114443219628,-0.5290336172000695,-0.26382504105704874,-0.2362134716706804,-0.5665496187404868,-0.2861355376702265,-0.4277130825540418,-0.9084255730773825,-0.08224172042937936,-0.49797479378064696,-0.8842982379393125,-0.22737263408490754,-0.44769674814730387,-0.5557691907659416,-0.2995125761501964,-0.40610213110016974,-0.546074970454949,-0.34874418667860424,-0.23244251891416942,-1.0,-0.0860204543500273,-0.2961993716948556,-0.8848789718314457,-0.23540487954072717,-0.2755685158088714,-0.5358137282406903,-0.2451321917112158,-0.2543644052974088,-0.576166709114102,-0.2212040504796003,-0.04209035219009678,-0.9597142546174539,-0.12238625569930259,-0.08086224725629725,-0.7233426276206357,-0.25122828096629096,-0.10799733831597923,-0.42035488652822806,-0.20283908127664937,-0.11121139734281912,-0.5009112629419555,-0.14757630892908755,0.15361463218797453,-0.8662663493068394,-0.17994563036405029,0.08946605281624384,-0.6179372447456788,-0.2508696462347425,0.05817015222567004,-0.4106810783824808,-0.2311136892520563,0.0599248193464944,-0.46964855159716234,-0.20371082486432737,espacio
0.0,0.0,0.0,-0.2756730312034513,-0.02505631278543176,-0.14632036191417824,-0.5278794132622089,-0.26788337034389287,-0.2178520135664062,-0.46588057956852846,-0.5175090292780945,-0.2768773841850015,-0.22935199900528108,-0.580566825521892,-0.30346881452527885,-0.4070947400658424,-0.9183570938496005,-0.0800842549018733,-0.4961068773120079,-0.8841450894169534,-0.22901145557722824,-0.43666640345757535,-0.556178809022504,-0.3039041057086715,-0.3868035961138628,-0.5516453238248439,-0.3532443237352523,-0.21170647236576967,-1.0,-0.0826531915585589,-0.2956540167184668,-0.873550096727308,-0.2343162504851651,-0.2656528156067432,-0.5250525313571888,-0.24301199034437074,-0.22968216241746625,-0.5657637944265976,-0.21733109133054285,-0.0252960472039347,-0.9569539286233869,-0.11930317528215324,-0.08577743033816296,-0.7176144863995038,-0.25001462620315873,-0.10335676165316236,-0.41620773816837864,-0.19752653180634897,-0.08976606458468005,-0.49095575883465653,-0.13646153808148684,0.16549123883736613,-0.8623347871637345,-0.17763924845677448,0.08246554976558804,-0.6315046969811435,-0.24546890218935724,0.05261959051442143,-0.42551948488652586,-0.2195936255656831,0.06693388217443672,-0.4757444961311923,-0.18613581276492233,espacio
0.0,0.0,0.0,-0.27093543810531856,-0.050927362431243635,-0.14618310766574194,-0.5087279231589507,-0.28660699103811077,-0.2241729634240095,-0.44823277625242147,-0.5335973085773061,-0.2897956800579209,-0.22639919401433498,-0.6009695202619014,-0.3259801920749897,-0.4080135467455429,-0.9120144325213283,-0.09365849289692457,-0.514892852325447,-0.916782683083396,-0.2540472017161494,-0.5231223947932553,-0.6454600695703064,-0.33698668117348873,-0.5019092949778359,-0.5896479348814199,-0.38688204451511304,-0.2092123317915738,-1.0,-0.09714008383107971,-0.2929896734185102,-0.8501625899451267,-0.26437826480965987,-0.2835942109982948,-0.5333669014236122,-0.2920691273030747,-0.26444343974505824,-0.5477205113773418,-0.2783520368832056,-0.012050065664281311,-0.9568272179214937,-0.1323175970770745,-0.07418741275701668,-0.6968174023306976,-0.2776973273108956,-0.0978140758384004,-0.4191522651211285,-0.24088137051707,-0.10800313360758991,-0.4731817760419619,-0.189151295748982,0.18255680762188972,-0.8592605969056724,-0.18786046207842996,0.10835498343344445,-0.6079994868124418,-0.2706156905062087,0.08231704182522537,-0.4147110837528246,-0.2556971788028522,0.08356327914547242,-0.471479821140076,-0.22742028072286788,espacio
0.0,0.0,0.0,-0.27415015757409633,-0.046665730632091486,-0.15406480805726472,-0.5108648289105079,-0.2770482956598038,-0.23971311224565942,-0.44622984142779787,-0.5202110844866794,-0.31147710788676736,-0.215586390901446,-0.566106262518221,-0.3524122027030973,-0.40463154625214987,-0.9090000283044938,-0.11271871616300137,-0.5297588233672963,-0.9379572013708313,-0.2726159922651448,-0.5369576616912829,-0.6707671560612957,-0.3506224788357798,-0.5081877265756106,-0.6010889409128796,-0.39640914078999656,-0.20046452888287378,-1.0,-0.11211951515044534,-0.29539984939029884,-0.8452172481626287,-0.2777469266188303,-0.28153809598649726,-0.5276590768414866,-0.29963975426010514,-0.25317205854859026,-0.5329380511462203,-0.28256613911332773,-0.0030094008162122182,-0.9546654185378047,-0.1432365585151644,-0.07522868913695874,-0.6817129879638865,-0.2856133413258453,-0.09315530303312446,-0.4082789154611808,-0.24589880797384095,-0.0883832026236776,-0.45516437834765816,-0.1922986625781255,0.18992017387897445,-0.8510338216355081,-0.19561568855047798,0.10744125141615576,-0.5962760596867288,-0.2745724938446101,0.07797441124790788,-0.40607153737347707,-0.2588312149805439,0.08463192612825064,-0.45429084952958676,-0.23026318215031052,espacio
0.0,0.0,0.0,-0.2805502511369806,-0.06373594386422707,-0.14370241650959223,-0.49827517511462704,-0.2730446307470938,-0.23109231828437612,-0.46088673133813796,-0.5189231147178863,-0.30863914454465435,-0.2606546902643906,-0.5817061212187524,-0.35402010272565054,-0.4182693121551124,-0.9196296632720682,-0.10397683372315879,-0.5495121769953158,-0.9539176543207328,-0.25491201060286695,-0.5356804439333852,-0.6759611434422591,-0.3219090708654202,-0.49121908269456666,-0.6003249400801409,-0.3588424643422584,-0.2242652204699864,-1.0,-0.10866989153524267,-0.32470349733792736,-0.8139454827342035,-0.26364180764950434,-0.28953430760306115,-0.5186396695272679,-0.2833552090537244,-0.25189720415279204,-0.5372756230942801,-0.2685644227771785,-0.029240891252423115,-0.9467851782731933,-0.14282344998007201,-0.11245032483685902,-0.678358970018394,-0.2749679512878836,-0.11353228859798883,-0.41779655943368765,-0.23294046660073647,-0.09718722452864076,-0.4668753109536186,-0.18172587660534015,0.1574243853698516,-0.8361482420411357,-0.19740316455303594,0.07116435485768904,-0.5888523256750146,-0.26481907030802615,0.05591343464142016,-0.40961649225738395,-0.2442952540994204,0.07750687968752903,-0.45881394806326214,-0.2141858216504168,espacio
0.0,0.0,0.0,-0.2767299283025964,-0.08642578599194652,-0.1160759864378845,-0.4788721762691394,-0.3152368239136135,-0.1896782937373176,-0.4283704666025707,-0.5476492857187001,-0.26052083644808155,-0.22409168721533146,-0.5964341555447846,-0.3025033202011727,-0.38048269718551714,-0.933835947935731,-0.0669219552136255,-0.5096005966396422,-0.8975116030430564,-0.2083651634274411,-0.46392969928761685,-0.5996707357878724,-0.27411266911529386,-0.40809228932873187,-0.5394141489586175,-0.3098983288841423,-0.199781358675068,-1.0,-0.08254018198966138,-0.3134914013438959,-0.7999829165772767,-0.21896501062571563,-0.2679338416865532,-0.50877015247948,-0.23100825806077432,-0.2207427624998124,-0.5306698202576727,-0.21324238129272838,-0.016126839337251484,-0.9452146331213577,-0.12641387126736367,-0.11676938791906254,-0.6825583330464025,-0.24516854492984647,-0.10801954131672135,-0.4196450091244017,-0.19785732723495197,-0.07788760608717225,-0.46756798275236455,-0.14356752308072265,0.16383907327508196,-0.8364036040283329,-0.1886799122481552,0.06037400777097089,-0.6120303934837558,-0.23839035485447635,0.04384855523684157,-0.42361326309265573,-0.20440001327872262,0.07254693968359913,-0.4581372271177043,-0.16650099727504283,espacio
0.0,0.0,0.0,-0.26562849748773115,-0.0685506386669432,-0.11507461682802227,-0.4777061218333157,-0.3109774521876053,-0.17906596674769637,-0.42618261315604106,-0.5519568043495392,-0.23974521844788332,-0.22236468000903092,-0.6197910850110396,-0.27037778722284467,-0.3762118379520114,-0.9220878784055107,-0.045839112653155004,-0.5162276178914733,-0.8931129073039751,-0.18821954933542273,-0.4661156741113752,-0.5838108650491262,-0.2575398165984783,-0.40786671559221427,-0.5165703867970639,-0.2942480578942511,-0.19797273222593353,-1.0,-0.05994114937245531,-0.31963031237415085,-0.8429291706007738,-0.1970812767698434,-0.2741247185693242,-0.5352996375545155,-0.20941594153556883,-0.22783882996390048,-0.5488788942826244,-0.18669650296106205,-0.017748080808373812,-0.9541452315237166,-0.10436624608743354,-0.12149296405180887,-0.7020233517964426,-0.22456967206022765,-0.11397839637332127,-0.43518452715053646,-0.177921631064293,-0.08485826819998946,-0.4936087377547138,-0.12024400945022373,0.16144222071706868,-0.8519788256804978,-0.16673019910247042,0.048875026650403275,-0.628255518990316,-0.2170375036335466,0.03703668787579486,-0.44151777491250693,-0.18064462544317303,0.06651650584568437,-0.4830464758860383,-0.1388192196681213,espacio
0.0,0.0,0.0,-0.24629130050780795,-0.09411129976355588,-0.09238938667474952,-0.4384517953326876,-0.33052033618642485,-0.14951748272887294,-0.363863580351094,-0.5658257746016341,-0.20731257084067412,-0.1621128839930301,-0.6229943565897067,-0.24010744595104333,-0.33623679344136015,-0.9365412351351625,-0.031186622169884506,-0.4420793350145411,-0.8928173035346836,-0.16869450283132162,-0.39572934634747026,-0.6023335935709653,-0.24227847870853356,-0.3487865872246502,-0.5423647945219039,-0.2834440595064294,-0.15681516249440713,-1.0,-0.056218415374437176,-0.2559833668434704,-0.8482577798459799,-0.18140606806983872,-0.229584971721554,-0.5475843319654883,-0.1956870623154171,-0.1966800093269568,-0.54803389028196,-0.17949171769977382,0.02253605268502714,-0.9499228621578775,-0.10843642904336553,-0.0650376066557685,-0.7248175611411214,-0.22145796461579498,-0.06986998267295998,-0.4502354104355917,-0.1737214775832595,-0.04723294225017469,-0.4816709135393358,-0.11819175367195682,0.20179129192510317,-0.8372918396520208,-0.17641138809384024,0.1031601017745901,-0.6529315825617983,-0.22470515578470548,0.07731250329682364,-0.45552561423661475,-0.1838535954803039,0.10055346542679786,-0.4731283031666923,-0.13979883819982097,espacio
0.0,0.0,0.0,-0.24927230443094583,-0.09034017191074556,-0.10740764335412667,-0.4438781901846306,-0.33411835325313094,-0.16954980252965293,-0.3806746964504948,-0.5759700652218324,-0.22856670195594103,-0.17865073701505688,-0.651245543581332,-0.2578654383367955,-0.3246318305184194,-0.93643247620117,-0.039046250585174275,-0.4296623256589627,-0.8841701672191855,-0.1771186881933244,-0.38054106851706004,-0.5907470875274895,-0.24640049638076622,-0.32515016903005606,-0.5560101880693853,-0.2878094630802345,-0.14740062516131794,-1.0,-0.057921842448876965,-0.25243032489749556,-0.8582577489287561,-0.19721544118036607,-0.22658869759561193,-0.5444450085923557,-0.21018903322515584,-0.18679249610218718,-0.5520331662409707,-0.18868560761740394,0.027012992797746035,-0.9498712306615656,-0.10558533052503641,-0.07142068366861173,-0.7210033018560893,-0.2285407684594349,-0.07999169597842228,-0.4405453133250249,-0.17637942611911928,-0.054002918868887265,-0.4826049705083946,-0.11548531439158452,0.19987345116541985,-0.8404754237947603,-0.1709307902177213,0.09105471016591737,-0.6327213713089426,-0.22797397656518867,0.06674768302022462,-0.44115830495617786,-0.19226096681207291,0.09560018098100667,-0.47798923897433665,-0.15101393118471826,espacio
0.0,0.0,0.0,-0.24575031845282846,-0.08264188439089737,-0.11147612664417805,-0.4436830239866634,-0.33213098229041776,-0.1739016793429981,-0.3959117414479669,-0.5551744798009822,-0.23309480561425644,-0.20126054273162003,-0.6146526818368049,-0.2616676969411407,-0.31687567653663684,-0.9444526154664791,-0.03449564038696138,-0.4401002326251136,-0.9021269345503876,-0.17596091396785704,-0.39226041402088896,-0.5899609193647145,-0.2505310317772415,-0.33239827294597757,-0.5776806271433798,-0.29707639257781954,-0.13952654463500364,-1.0,-0.053117949558224645,-0.2658620898099344,-0.882787564651784,-0.1962452934059956,-0.24136592926886136,-0.5489777229001886,-0.20465413749179237,-0.18749192131127587,-0.573058554884161,-0.1774889426828236,0.03170396148053802,-0.9428706660019582,-0.10302450748648356,-0.08248479972870684,-0.7363421671295821,-0.22752445121837375,-0.08948617003880101,-0.4479533691575917,-0.16827728425944646,-0.045879687130119425,-0.504287821867638,-0.10056247783750746,0.20289608739938392,-0.8314077211908991,-0.1718747252050029,0.08449537374704079,-0.6444004869350384,-0.22875741503722527,0.06502976041573429,-0.4529507449116426,-0.18964778899604248,0.10558830741824778,-0.49470647990680194,-0.14502959382205066,espacio
0.0,0.0,0.0,-0.2566233949417122,-0.10038181448068174,-0.10310568000440898,-0.4703785956576927,-0.3432640846820017,-0.1641387950484066,-0.43999284835526015,-0.5829808632303315,-0.22404121473192445,-0.23386286298640618,-0.6270197239972215,-0.254991093913134,-0.31779094028828353,-0.9505516514718502,-0.025735271508231707,-0.44580130113888633,-0.9204490265355454,-0.15846979059436575,-0.4031441008329451,-0.6118864473855041,-0.22736172790177733,-0.3446976193387002,-0.5817679396196018,-0.2703540704836289,-0.14124294361580922,-1.0,-0.04502304645057631,-0.27887684206216246,-0.8766167882674558,-0.18329070076210155,-0.25013154334329485,-0.5538631194431043,-0.19012135570150854,-0.19439971428392408,-0.5620716280643479,-0.16244080763605906,0.02722491849849849,-0.9418692808152759,-0.0943466091237119,-0.10319759245446108,-0.7448088282886892,-0.21482030322361956,-0.10444461314891376,-0.4626811061501959,-0.15966417209439554,-0.05887225789868416,-0.49974376187296154,-0.09448302477998531,0.1968308072105715,-0.8279955125906396,-0.1610521711157801,0.056918232716093545,-0.6512542991104012,-0.21514326016351995,0.043798141184366576,-0.46744508074524566,-0.1784843598119557,0.08931716509851653,-0.5021920490555035,-0.13549960346694742,espacio
0.0,0.0,0.0,-0.25312358898710874,-0.08275037579759066,-0.10802486733626923,-0.4656561140932527,-0.33587665065193456,-0.1661939623750845,-0.4307758008136984,-0.578810059348713,-0.22172600208533313,-0.2358477925006409,-0.6290248839630747,-0.2476554576331859,-0.30596623626141606,-0.940570412546223,-0.0288572962100284,-0.4372681387805506,-0.9390139524834274,-0.16617857459404953,-0.38763749028984384,-0.6282561290744233,-0.23797165657596886,-0.32956456421953323,-0.5982676753192377,-0.2827761933340018,-0.12594449267399868,-1.0,-0.04445927748848927,-0.26635566313614395,-0.8945982136595448,-0.18432807996175518,-0.23145371370386164,-0.56103588527527,-0.189283616921825,-0.17593027249913679,-0.5737464535361382,-0.16059435818238604,0.04301744649827075,-0.9454189997651359,-0.09182076918035584,-0.0877962250434439,-0.7639762831954539,-0.21308620135280762,-0.08633660541596175,-0.47603952760967067,-0.1547755107506869,-0.03920620089152886,-0.5173442861009653,-0.08824712023872182,0.21315669080863406,-0.8331128932669188,-0.1575941139176825,0.07895703597241674,-0.6583006876118552,-0.21676792847287452,0.06452497602863493,-0.4726851778626048,-0.183655438086041,0.10723742738086463,-0.5113586817524866,-0.14318756038670713,espacio
0.0,0.0,0.0,-0.24643661103877681,-0.0857358232901073,-0.0987029753998504,-0.4685629792147601,-0.3429941786417659,-0.15074314297875765,-0.4368577741921264,-0.5723202507352508,-0.2015925773511311,-0.23522849208272203,-0.6146370016144307,-0.22199576935004,-0.31944278031169726,-0.9442395712128998,-0.018186178651624953,-0.45453988726499117,-0.9422501559847095,-0.1569516247157513,-0.40420793346072453,-0.623639442046614,-0.22703378331928803,-0.3407673471416412,-0.5949613314718715,-0.2699940913125392,-0.13524976339730407,-1.0,-0.03960283558311505,-0.28133221740289377,-0.9062454236349452,-0.18417036483265184,-0.24923975019962197,-0.5634886612651137,-0.18946014359618787,-0.190365839984687,-0.5769835205001924,-0.15824173438283898,0.03762093807384844,-0.9432347308794106,-0.09256198349093778,-0.09332131015913843,-0.7555488102708202,-0.2168626779298351,-0.09061994196096669,-0.46346703493554553,-0.15755805317919616,-0.042014248526465924,-0.5120653322245032,-0.08835145028505483,0.21062447431895553,-0.828382353506764,-0.16320084996950568,0.078517481085837,-0.6531056858904323,-0.22353411215191887,0.0662673931456665,-0.46479035329612184,-0.18875861919142228,0.11070225218548704,-0.509452717772849,-0.14604808827834445,espacio
0.0,0.0,0.0,-0.255774398221747,-0.09438584150476217,-0.08992089421718827,-0.4679395337713313,-0.35499697528172086,-0.14311233250590114,-0.42778154499796006,-0.5922847174350389,-0.19554380153419282,-0.2291765732052166,-0.6686360630829616,-0.21840653911526228,-0.3546559558813185,-0.9378788987211772,-0.01852046284312206,-0.487152825649611,-0.9516942642900353,-0.16320173755084985,-0.4251795838550386,-0.6315563934103346,-0.24154273233145226,-0.3644048339218638,-0.5930528551933709,-0.28950834550515553,-0.16933779772372365,-1.0,-0.042973850527594705,-0.31340470730574976,-0.9260632236462627,-0.18453512833038307,-0.27626454326753985,-0.5782037393959004,-0.19426392364840053,-0.2187456563638666,-0.5936314908344001,-0.17126598819448177,0.009114953363064672,-0.9521815956444056,-0.09726474313602734,-0.11198294902997988,-0.8112086211505184,-0.21656687732097127,-0.10553509376626666,-0.5007574457309267,-0.14724412405357212,-0.053761483378117925,-0.5384980515186899,-0.07583416569620516,0.1913535262587752,-0.8446891574401035,-0.16855796847050492,0.06300220874776663,-0.7095343340695826,-0.22712147348590986,0.051773891757290975,-0.5043412444957162,-0.18172215791634838,0.10036352893178205,-0.5376767349924734,-0.13287181464599485,espacio
0.0,0.0,0.0,-0.23259817349950754,-0.08252882544339205,-0.0880660600967762,-0.444465633412414,-0.35701647190282715,-0.1321575706036123,-0.3977376452997686,-0.5888687221454552,-0.17471631608671132,-0.1960565669851712,-0.6619582489139079,-0.18600661965131995,-0.3536043465330868,-0.929068097162528,-0.012526278833069589,-0.463313177470721,-0.9331083752144739,-0.1563562668292329,-0.39847068337342345,-0.6000935206598451,-0.2322501570876736,-0.3480383339355009,-0.5633639193222599,-0.2790636706039731,-0.17179557089865907,-1.0,-0.038392929814173214,-0.2902315364344018,-0.9234129190970269,-0.18262049013873552,-0.25034519405859046,-0.5617834227479148,-0.19164892864007532,-0.205721227514711,-0.5766216131940153,-0.16594293978730504,0.009079415507472634,-0.9646032420151808,-0.09479086943472002,-0.09104103518531213,-0.8142086719344732,-0.21476966654359417,-0.08267107786619304,-0.4921941560024595,-0.14654149391512503,-0.04788288708507777,-0.5279995031473349,-0.07569592985849824,0.1911086566268755,-0.8713799721989287,-0.16850591547605673,0.08215798987018436,-0.7075806883058716,-0.23128911569685723,0.0768518714182412,-0.49882564440089827,-0.19161769817723437,0.11883257147539987,-0.5430055875308536,-0.14682996095456863,espacio
0.0,0.0,0.0,-0.24849721254893387,-0.04800072348490326,-0.1099673107585967,-0.47594437204966067,-0.32373915232175665,-0.166376087755404,-0.4161057738849889,-0.5883063321349593,-0.21702845571021853,-0.19776381403987156,-0.6641542395308524,-0.23957357609619478,-0.4237299372023927,-0.8956527429317461,-0.02485022597324893,-0.48210502246062803,-0.9729194355935455,-0.17680315768320992,-0.4473431904066686,-0.8178039782356527,-0.25961529656878335,-0.42251947245402305,-0.7826452343250452,-0.30701602632781044,-0.2219390424755732,-1.0,-0.0433233523048153,-0.2929373707646907,-0.936825332559198,-0.19598944671297794,-0.2588304003846822,-0.6071664463779312,-0.20995193027097472,-0.2314494868085321,-0.6117542768814958,-0.1844925130684546,-0.017834442047805394,-0.9843316011686536,-0.09524784252000058,-0.07832214243682557,-0.8380354541914211,-0.22715871485358988,-0.07495813370304916,-0.5271325219943577,-0.15890499406533445,-0.058250828196598686,-0.5545712751494944,-0.08495539972665282,0.19601759793698967,-0.9035572811574583,-0.16617528822125768,0.10647482225970903,-0.744577233116296,-0.2397029339469741,0.09887528977996697,-0.5353378995556891,-0.19831422710026292,0.1270522328160694,-0.5733323758758959,-0.14942123313984235,espacio
0.0,0.0,0.0,-0.26331677199223524,-0.03845850145202799,-0.1258343815485272,-0.4963247016454244,-0.29760682198277866,-0.19200599416529499,-0.44750681979493584,-0.5613546101236264,-0.24851282484391607,-0.23141247023784073,-0.6416657680222445,-0.27195506129464414,-0.4524032565319048,-0.8998373333282987,-0.04421102463794789,-0.5260412716009224,-0.9095281444882519,-0.20071030475990737,-0.45076181909915736,-0.6322889178651585,-0.2809813845980692,-0.40248623352634844,-0.5861244340622478,-0.32463876152108034,-0.25957700446108933,-1.0,-0.055430188408869416,-0.32874948788373737,-0.8895881224787748,-0.20763832572943713,-0.2778955794801663,-0.55964820375325,-0.21949172793058475,-0.24690373036091745,-0.5829416224665029,-0.19288058990024526,-0.059074200412847055,-0.9807458722790648,-0.10159491515118362,-0.1055191056986865,-0.7917401269148762,-0.23497571375380727,-0.09479911993188146,-0.49841725672714476,-0.1777481443350527,-0.08066165698777573,-0.5555681544701461,-0.11090072982667822,0.15002138422041106,-0.9025666950567968,-0.16714885086392006,0.0777976929474719,-0.7191421701379884,-0.2347278600332028,0.06848014776934983,-0.5126040294290407,-0.1981754194944959,0.08565393678999918,-0.5583753678657859,-0.15361453010638892,espacio
0.0,0.0,0.0,-0.2866583570837877,-0.014102721542633473,-0.12345815359770769,-0.5475597454468432,-0.2932312946780023,-0.17805752279867235,-0.48310217865034755,-0.5850902291970403,-0.22172412693723562,-0.2506326031305575,-0.6965883051580798,-0.23757383135157067,-0.5435580854712728,-0.8427057726575903,-0.04485594734002404,-0.5915554409900209,-0.9217017473936023,-0.19698263766546723,-0.5660373199193222,-0.8043223210043788,-0.27557197609698997,-0.5518062840535971,-0.8035590899415817,-0.32344177116529027,-0.3316058038419222,-0.9805897030979175,-0.056549753335214434,-0.39504236712266777,-0.9324297190529821,-0.2091589676449858,-0.34217353857108795,-0.6090652509527651,-0.21720991155072614,-0.32368275832953886,-0.6340228027237991,-0.18785188817776266,-0.10864334222833731,-1.0,-0.10214554356479622,-0.15794682109583136,-0.843977997732975,-0.2362419983461113,-0.13677474982086427,-0.5205774477282906,-0.16445659448509795,-0.1244746677475294,-0.5520040586423492,-0.08874990257080317,0.12152343831642458,-0.9518957505394868,-0.16764412399661238,0.039767249879874296,-0.774469276258346,-0.24721115726028095,0.043582157404656686,-0.5490904708522161,-0.2074713327472749,0.07221434439751487,-0.5858510686638642,-0.1598455454572765,espacio
0.0,0.0,0.0,-0.2939457329767748,-0.014937528098174445,-0.1259870871853407,-0.5476288691991704,-0.2894370431092199,-0.17494965249140115,-0.4939981499771546,-0.572576332256803,-0.2147805286445728,-0.2609408964454745,-0.6518669229066525,-0.22250133549385295,-0.5007175353022195,-0.8854050732544513,-0.04503537056150352,-0.5661568489367825,-0.9093002452743092,-0.18493320021358992,-0.49307257412156136,-0.6042180633762174,-0.25101192223218255,-0.44502851750104117,-0.5783882035785233,-0.2922690262079631,-0.3018666077649596,-1.0,-0.053951646256487386,-0.3733021741296139,-0.9160822826493614,-0.19595917315712338,-0.32382869123348246,-0.56096839373408,-0.19827639356223756,-0.28856160770804595,-0.5908537037944659,-0.16689650050533586,-0.09831611797362198,-0.990002012203227,-0.09710201098831261,-0.14811960596187876,-0.8117406555078913,-0.216604305360945,-0.1394529271912625,-0.48612384090179817,-0.15290626716972286,-0.11883231254078616,-0.5402587868324206,-0.08493025693128665,0.11019366727001406,-0.9224906654560209,-0.1608708972653406,0.03340633645524296,-0.73779326874277,-0.21931022011897403,0.026435214064463315,-0.5266657378610007,-0.18343446628358204,0.05674281399330714,-0.5767015840526638,-0.14285551665742946,espacio
