0.0,0.0,0.0,-0.08722179982756781,-0.20002414536466215,0.023673005209873362,-0.06636038137901529,-0.4183750714159321,0.019030881084153947,0.0068684400324553144,-0.5621685554717307,0.010618816059016385,0.08040605129495432,-0.6387981863674064,-0.0001599819087958242,-0.052253777717449115,-0.546273605249192,-0.04419079491654944,0.04664345763093792,-0.7816468294085832,-0.0701054643441722,0.10663773442152073,-0.9089752132487919,-0.07778160766784825,0.15167012736735053,-0.999910807125966,-0.07951013355433213,0.0429896406377158,-0.49735602369630943,-0.07447540463094128,0.14791607877806057,-0.7555971012168756,-0.09714175991978986,0.21142964733601233,-0.8978382465887865,-0.1022879293415805,0.2584120673248713,-1.0,-0.10378264589645128,0.13618147570713962,-0.42941114415654763,-0.0993696591932175,0.2283430300533991,-0.6729796627368694,-0.11343846443075258,0.2794645292560906,-0.8108184921701793,-0.113607908813973,0.3125920284457564,-0.9091490731208259,-0.11276717214706582,0.2165860551724894,-0.34801160787854196,-0.1214328633096011,0.27645228278747896,-0.5568042517036151,-0.12538476259347872,0.3064695116568721,-0.6790812059538893,-0.11551099369155302,0.3297631285268947,-0.7755671428611904,-0.1058654595666133,hola
0.0,0.0,0.0,-0.15167523642241254,-0.1765504356585673,0.04449441491003719,-0.20257844481500958,-0.38648938821869294,0.06930075220286863,-0.2009810525237927,-0.563833849285175,0.08706248080696029,-0.1825391836718196,-0.678797051507009,0.10543620179954595,-0.16300852993471296,-0.5752747853369375,0.051998044836711096,-0.11832832501507885,-0.7893133162282535,0.0691195275803563,-0.09028694048267583,-0.904197187766799,0.08365517765946694,-0.07067113560453941,-0.9870372298214026,0.09425053054492742,-0.06332557422004294,-0.5902463679400565,0.029145391790334714,-0.01700206006478852,-0.8048677709667843,0.05460671920500505,0.008502610897459793,-0.9187816740013716,0.06795597047227948,0.028156356537168966,-1.0,0.07641105212261279,0.03560783588105607,-0.5658592967216362,0.008723325518854371,0.060587084781524,-0.7677103998914951,0.02911516672814429,0.07367003663385324,-0.8765643311032058,0.036794272677092225,0.07703943494852533,-0.9525229932781797,0.03994041422110338,0.12573180354697616,-0.5183208159060175,-0.008323212094731008,0.13504381735798823,-0.6946096183962394,0.009273253796084211,0.13903722622852752,-0.7939118730601281,0.023112047214296227,0.13763298690531742,-0.8794932968177456,0.03494356023240566,hola
0.0,0.0,0.0,-0.08073051779113731,-0.15465920011151962,0.013421092803470674,-0.11701003187410529,-0.34263635316303004,0.004755844845007052,-0.11177357785004288,-0.49037975159344976,-0.012599725510587263,-0.08511827930245595,-0.5946051588449697,-0.029567772327981367,-0.16725883248467333,-0.4288233621494077,-0.012757127295692255,-0.16019685946478493,-0.6726497314760888,-0.050631853332679645,-0.14950687886486408,-0.8279671863132136,-0.07535628357437811,-0.14265636122320602,-0.9502947350474019,-0.08911965388101409,-0.12603377155530868,-0.436555120703971,-0.044907048480115744,-0.10866004095559263,-0.6982116003793246,-0.07579876081875941,-0.09461535947613241,-0.8685932790533889,-0.09817246243542019,-0.0838441795116668,-1.0,-0.11200000114841478,-0.0621601419827997,-0.42872281474258095,-0.076581568566555,-0.03952068564343978,-0.6798993649028526,-0.09863764242296301,-0.025317849521584158,-0.8384289068239866,-0.1123409011708156,-0.0169342803877563,-0.9603109785870769,-0.12087023595867442,0.017460047833509598,-0.40802861681555674,-0.10818909995740782,0.04158044077695715,-0.60257021734163,-0.1214457856051541,0.05294061259631044,-0.7298576016074728,-0.12321612367232665,0.0628053679863844,-0.8377254572560671,-0.12233311178942222,hola
0.0,0.0,0.0,0.1340608720627385,-0.13008723934671912,-0.05722462668830808,0.20243081961629075,-0.3364207781382063,-0.07293315661560269,0.24009079830118918,-0.5105863656617202,-0.08501291618309165,0.2844283581016729,-0.6209052032010915,-0.09739188562889116,0.08225886242730834,-0.5343897781178677,-0.025099704474427165,0.1093665441260564,-0.7305136982932409,-0.0635867368471526,0.12488218545031576,-0.8591720222483841,-0.1015148969642547,0.1390753948541393,-0.9655788765882898,-0.12775044018279882,-0.01114096990290518,-0.5274240767947176,-0.023096904279755918,-0.02268376308649044,-0.7411278409397812,-0.05047678081535847,-0.023988330829833877,-0.8813978705750026,-0.08188934822169662,-0.02441670896835403,-1.0,-0.105389122475229,-0.09424632877581562,-0.47486208523348933,-0.030637514503146848,-0.12240558284503074,-0.6683068163966349,-0.06250917164637645,-0.13768277361627615,-0.7921977587941391,-0.09023381246627458,-0.14942943568573364,-0.8962047961256825,-0.10879064134067512,-0.17239196442759525,-0.38326668566948385,-0.04450101743410911,-0.2184894474314301,-0.519038414800519,-0.0756084302950975,-0.24859619856346668,-0.6038517640241183,-0.08911653191064074,-0.2770832240711578,-0.6833305591553817,-0.09693623595312899,hola
0.0,0.0,0.0,0.12623473406900845,-0.10884759710448115,-0.057449390722033464,0.20869966861099035,-0.30859981526025665,-0.0724636281859733,0.2602328897060209,-0.4853461438912376,-0.08259643881716043,0.3177983512382871,-0.5918043231021759,-0.09169056159451527,0.10463066929783867,-0.5178208433247237,-0.029169364632641175,0.14179477761300951,-0.7148924260297476,-0.058862784300620884,0.15570372559821144,-0.8377586425388454,-0.08764884328865742,0.16568360164392296,-0.9393870604488916,-0.10889603342337038,0.009652512883026373,-0.5277472893231631,-0.025461721713530703,0.017493164073924785,-0.7492239237290835,-0.04566856732082704,0.018679572918697922,-0.8876972641770521,-0.06875318509804351,0.020196676866743327,-1.0,-0.08570454439555858,-0.07415209977073646,-0.4924630797369305,-0.030285495933680153,-0.08681668694452488,-0.7001870549958139,-0.05398080710268192,-0.09513612609800551,-0.8305526442187532,-0.07572692930953118,-0.10013588144580547,-0.9387752105464785,-0.09161105613720193,-0.1533137722142171,-0.41570769313621503,-0.04142374194913475,-0.1887666315432034,-0.5505989575979249,-0.06801281004990237,-0.21330786144086394,-0.6379905232916071,-0.07937722640744291,-0.2339354891231886,-0.720497434335093,-0.08534994559352063,hola
0.0,0.0,0.0,0.1241380020004866,-0.1083458409923838,-0.05721846640853147,0.20704925467044613,-0.31008676973554616,-0.07147184351317291,0.2584771777427888,-0.4852331065390529,-0.08164514892552764,0.31506369961020525,-0.5955133046465445,-0.09078970416698977,0.10901814517426774,-0.5203279132820965,-0.027245290905014718,0.14952326844406522,-0.7160940982474652,-0.05895690116740337,0.1690492131138274,-0.8395864240089923,-0.088253928391708,0.1846786119217396,-0.9418022894173942,-0.11039220784244223,0.017039182511583248,-0.5321050384860749,-0.02568980031602921,0.025314219451431936,-0.7512525683799592,-0.04998237796556586,0.029570932461899894,-0.88772738514606,-0.07491127390829894,0.03453975945646291,-1.0,-0.09343039902829807,-0.06590019537262279,-0.49802482389245173,-0.03352964507071822,-0.07817629358425623,-0.7050512231565399,-0.06370351548281007,-0.08655302754096283,-0.8385866064045296,-0.08881822353057224,-0.09043600988613024,-0.9527950022492465,-0.10669279536510341,-0.1462426001860389,-0.42314831079427445,-0.0475565525483268,-0.18598728577377707,-0.5617771101578696,-0.08159008750661396,-0.2146401854074014,-0.6536356452330393,-0.09801047126738241,-0.2392376522694659,-0.7434591390362554,-0.10754084543820144,hola
0.0,0.0,0.0,0.12083292956449,-0.1113036897605126,-0.053600388902491934,0.20115027714446682,-0.3105808955165048,-0.06804736631662675,0.25434341467880445,-0.4861803658027438,-0.0795329468961187,0.3084927968097934,-0.597978142362801,-0.09109772591483974,0.10973591768807667,-0.5152510258897333,-0.027248376338371422,0.14502547665900667,-0.7064708608014066,-0.06158641656784052,0.16152464353699736,-0.8251494244659435,-0.09395778082140364,0.17527036935020113,-0.9253647594636584,-0.1187913244096369,0.017768896225851132,-0.526720184802744,-0.030019037294700488,0.01918445403575552,-0.7465106861364111,-0.05670838339787386,0.019895716104610037,-0.8838134641352328,-0.08578788926985688,0.021410427980267238,-1.0,-0.10877237353076716,-0.06560330220192705,-0.4924176383762692,-0.04179374406200756,-0.0764260729737641,-0.6979143525698849,-0.07363953516566735,-0.0854969284081957,-0.8304088640832147,-0.10217875877685116,-0.09029446420906136,-0.9458627000937972,-0.12391858521340629,-0.1468397406302637,-0.41889463738326266,-0.05938498804395299,-0.18803825495055917,-0.553144888457699,-0.09532749148644369,-0.2169778900220895,-0.6467689090409917,-0.11454857679590533,-0.24120730060123907,-0.7401428529692804,-0.1275143423888727,hola
0.0,0.0,0.0,0.1196579522964976,-0.11517513008701845,-0.05290009978656057,0.19882412071880365,-0.3162542448220593,-0.06736340961016195,0.2506236351571141,-0.4919487436289909,-0.0785206322865818,0.3027731330645022,-0.602803037098637,-0.089977551379162,0.10586475079748056,-0.5112472635371917,-0.03114231228307851,0.1389702569853691,-0.7079090337709391,-0.06584407732763457,0.15350910553254624,-0.8295588291974402,-0.0978145957191635,0.16509455040180834,-0.931768945443515,-0.12216918861126051,0.014447315296447692,-0.5221544279851696,-0.03374500792577711,0.01830878419142896,-0.744704333541398,-0.06064994745824551,0.017984293915056078,-0.8840285284687516,-0.08943166829691329,0.018227921168415314,-1.0,-0.11194013155384717,-0.06885872844886164,-0.4887423402003987,-0.04478202471928803,-0.07914534705903363,-0.6998297824714027,-0.07600374906644204,-0.08853111006546084,-0.8356844194791236,-0.10454536094305147,-0.09329026233432543,-0.952365594531318,-0.12651678731328211,-0.14977135360216146,-0.41639485102682267,-0.06136571786880141,-0.19375414760042367,-0.5500468934879269,-0.09625052778597637,-0.22360304261254932,-0.6430531258958395,-0.1149588687476814,-0.24738369260735046,-0.7337716614814888,-0.12768751316287627,hola
0.0,0.0,0.0,0.11516258488529932,-0.11730094866619814,-0.056367912219142814,0.19097534282332274,-0.31417681301147515,-0.07433584771524548,0.24187745778165815,-0.48731621027488503,-0.08848454117782337,0.2927694842469776,-0.6008546611384653,-0.10242519489502604,0.09836864462931245,-0.5104041516189131,-0.03819554304714887,0.13245052123750697,-0.7109283239280216,-0.07646180633373491,0.1478828549978986,-0.8367141132129978,-0.11027739348477232,0.15856826940963534,-0.9436235385880926,-0.1352239908900615,0.00784697722784124,-0.5199146249943137,-0.03983844775864726,0.011030803605216495,-0.7415211972451075,-0.06930392135427324,0.008757435384070098,-0.8814981522648742,-0.0984511433775555,0.005780479790449531,-1.0,-0.12070171854740935,-0.07381472622851544,-0.4847563685259337,-0.0498794809328358,-0.08540209725742264,-0.68698089115442,-0.08152524506615033,-0.09511085486212902,-0.820440991408961,-0.1076237726753908,-0.10169280307807857,-0.9363486724311871,-0.1274233045423933,-0.15307859893191056,-0.41110830080142663,-0.06598798814454615,-0.1935747167288957,-0.5431218712697947,-0.09919512014517302,-0.22176752055440124,-0.6345456369807541,-0.1150362787496519,-0.24607580115333721,-0.7236039769717961,-0.1253218516102398,hola
0.0,0.0,0.0,0.11664160796428268,-0.12133285071065111,-0.05395322818451033,0.19198102645150011,-0.3187790373976814,-0.06953869850932737,0.23921095273181991,-0.49258534689150263,-0.08216835795364215,0.28702435370577156,-0.6046770329794905,-0.09525955588013761,0.0954788994742464,-0.5090551460488554,-0.0323932754288427,0.12872577110989147,-0.7075454208150572,-0.06927715744676263,0.14172277160055285,-0.8337300079465801,-0.10251919880681655,0.15177641117543011,-0.9396982639827104,-0.12774988207041374,0.005824295462816916,-0.5171359993822897,-0.03537385559536249,0.004255331559685325,-0.7382069933676291,-0.066206168503553,-0.000390433153339422,-0.880748044725273,-0.09763758388298241,-0.004140647823427327,-1.0,-0.12128437458467647,-0.07490972169018377,-0.4814844414245649,-0.046700244541285275,-0.08841827943789744,-0.6960493790317045,-0.0814681233526649,-0.09798623621444466,-0.8333532182032438,-0.11153018384922557,-0.10268617910632233,-0.9514970242218619,-0.13359917632795684,-0.15187793170452157,-0.40819427441870443,-0.0635749111842996,-0.19577739708834802,-0.5425153124856049,-0.10289463974512668,-0.22579369001750177,-0.6361617861828088,-0.12388995517578738,-0.2504389424670888,-0.7270004856474893,-0.13700615895881543,hola
0.0,0.0,0.0,0.1172305254145047,-0.12083568542847367,-0.05629426688858452,0.1925718064126132,-0.3170659183452785,-0.07195633809138825,0.23531671828216988,-0.49149240126429916,-0.08418274903824761,0.28067446778713967,-0.6084408808967093,-0.09653616425911883,0.09520769641220549,-0.5078753640710008,-0.030070064742537764,0.12546907590226677,-0.7037287323149686,-0.06725436488417756,0.13659615640295192,-0.8300698626324439,-0.10102703567181182,0.14589515818807425,-0.9361385960464947,-0.12619529630321685,0.0061390906335145635,-0.5162947029552905,-0.03130119287957559,0.004834203440127494,-0.7373041213812274,-0.062288172300146515,0.002939697610559699,-0.8796557638887658,-0.0937969959807603,0.00283588751779361,-1.0,-0.11704603915873894,-0.07436989081858583,-0.48154736601389453,-0.041446020013434955,-0.09009360280939609,-0.6935729285401528,-0.07681867094667988,-0.09725598866881638,-0.8281041717262859,-0.1060357379215623,-0.09801414270696872,-0.9446617946595238,-0.12665981810493177,-0.15200849484229056,-0.40942439643542805,-0.05746838456484098,-0.19609108201103692,-0.5457221980936241,-0.09689954212892013,-0.224792870856061,-0.6396973623798322,-0.11743490155541192,-0.24789651608648713,-0.7320537132139825,-0.1297302852326221,hola
0.0,0.0,0.0,0.11497985107507722,-0.1212073095000925,-0.057150953604851056,0.1896238495730834,-0.31703383988734807,-0.07418604300386719,0.23254456828454048,-0.49054645907989974,-0.08768809740871086,0.2765164927283347,-0.6094267993859264,-0.10136531024444032,0.09217378962380988,-0.505636789524423,-0.03406465567396796,0.12326532538286707,-0.7028324955332793,-0.07317192572620457,0.1353856027381698,-0.8292808934194117,-0.10795373791941286,0.1452704519811142,-0.9356021017197328,-0.1336529043703917,0.0035075911661041773,-0.5132187384424157,-0.035609294485397874,0.0010551179866807726,-0.7343494039032009,-0.06852228940036732,-0.0016569247635430284,-0.8778888179981786,-0.10130234562924288,-0.0029268198437563267,-1.0,-0.12541341322597432,-0.07606443032144251,-0.47700101550641144,-0.04590811977220563,-0.09181527970765198,-0.6902058080378272,-0.08308009965944779,-0.0998513903255379,-0.8262751693589745,-0.11357294001783269,-0.10233567183375533,-0.9447265224713192,-0.1349394974057384,-0.15226862451182843,-0.4037385814354275,-0.061963763538938,-0.19606636858832277,-0.540138620385038,-0.10348186819402384,-0.2254422957686822,-0.635088126115998,-0.1253688475460597,-0.24963958888415425,-0.7281794669569049,-0.1383774476095587,hola
0.0,0.0,0.0,0.11643614154507091,-0.12427830790126976,-0.05479065330477608,0.193135147159275,-0.3210561135620324,-0.07010287007836419,0.2371674878085349,-0.4949224712759793,-0.0824175706446009,0.2791770953475029,-0.6126468310320361,-0.0951121414270428,0.09490085797057454,-0.5095496482285823,-0.030674725477743324,0.125376161998488,-0.7066704582187343,-0.06837409164975859,0.13746302480611572,-0.8324853142601991,-0.10281425888388893,0.14747281378587968,-0.9386533017387821,-0.12849451654297533,0.005015819834151701,-0.5161930011543899,-0.032852494085286676,0.0014080537934207447,-0.7356421688916224,-0.06380292188723333,-0.0016888523013790823,-0.8783506674144808,-0.096270950079169,-0.002765999725164671,-1.0,-0.12076423486421925,-0.0756090452212226,-0.48009812331972335,-0.043649490585165304,-0.09046905784843234,-0.6910161273025118,-0.07864054756882233,-0.09759507074778898,-0.8253874083819971,-0.1086282437578499,-0.09930960618831519,-0.9411261815557838,-0.13027920870992463,-0.15259828746801593,-0.40738446593224187,-0.06015793960506004,-0.19724799586964786,-0.5406025368835297,-0.0995347894283308,-0.22681552391033402,-0.6337896030233974,-0.12035893891226594,-0.25122628945571357,-0.724042871022314,-0.13301888178744461,hola
0.0,0.0,0.0,0.1153993890860204,-0.12321604408216756,-0.05644929370811215,0.19079380146296923,-0.3190805486395091,-0.07322542579561397,0.23310929304366831,-0.4929252095521054,-0.08627564396759017,0.27542821506315535,-0.6122330404841589,-0.09949652646926568,0.09333720810923427,-0.5069605068090244,-0.03519550992519563,0.1265023472670205,-0.7038630907305821,-0.07349222102559742,0.13912201678412214,-0.8297790616607865,-0.10748370286016264,0.14846836160978513,-0.9347749063274022,-0.1326410758475769,0.0036216285763726913,-0.5149976818452553,-0.03682266352339967,0.0034606266492593816,-0.7360026144517482,-0.06844415168047797,0.0006375470487359795,-0.8790816137907527,-0.10026362975622566,-0.0016240840701635935,-1.0,-0.1239279614351751,-0.07697229987143502,-0.47913095779401804,-0.04695853455622496,-0.09158545454218003,-0.6906744257665232,-0.08244548759339645,-0.10000037806294142,-0.8259358195919663,-0.11248328152366525,-0.10328439428860244,-0.9421411509640988,-0.13400709086642384,-0.15401641026149726,-0.40491487255373176,-0.06275408286294572,-0.20167595373398653,-0.5374141413878645,-0.10269404561023864,-0.23352895005539123,-0.6312294097291861,-0.12379467459476923,-0.2598715182037914,-0.7224560546676441,-0.1365078092753469,hola
0.0,0.0,0.0,0.1141749323281079,-0.1246348834709613,-0.05529880261632464,0.18986179830876992,-0.3196401122719719,-0.07211387981762923,0.23217131261812932,-0.49349992310923785,-0.08538700439922775,0.27432715999443547,-0.6133348348613319,-0.09869247237519933,0.09398325775273168,-0.5096783238868086,-0.03542741788589036,0.12789517783767593,-0.711157044397024,-0.07366031805647097,0.14315312399947472,-0.8377809320306289,-0.10711535546709261,0.15551168109332933,-0.9435822197159832,-0.1314441412255942,0.0033541446412639147,-0.5166509752980118,-0.036794022984561484,0.002300191161206353,-0.7378669872320082,-0.06764438940743134,-0.0007532086136904976,-0.8796851404935172,-0.0987265847727633,-0.0038263753878056066,-1.0,-0.12183397051435121,-0.07739570873916797,-0.48036930713287296,-0.04637262379270517,-0.09465184069150807,-0.6868771962855001,-0.0798532186441639,-0.1051076665475681,-0.8197670149745618,-0.10831663754893235,-0.11048893128257688,-0.9340426247120034,-0.12895039103508615,-0.15345511103553178,-0.40639088284116753,-0.061693004308013076,-0.2004440756641769,-0.5377248309950214,-0.09878329314225974,-0.2320895517257106,-0.6294776550403098,-0.11790746381637515,-0.25875385857554306,-0.7187199126218421,-0.12929589812794384,hola
0.0,0.0,0.0,0.11368559059124084,-0.1252383758277646,-0.0535460449678011,0.18800958086180122,-0.3197564332633521,-0.06905809660936961,0.22918099888030677,-0.492964751431516,-0.08152089949036918,0.2700841513926577,-0.612827699858017,-0.0941968029167359,0.09155162275266376,-0.5081651163872478,-0.030651113790084287,0.12438961357356967,-0.7031151357433493,-0.06763818820770953,0.13862201582210465,-0.8258507319707452,-0.1008442272655049,0.14986749948202688,-0.9282504542045272,-0.12516054646098812,0.002025691179914526,-0.5161355253261984,-0.03307912441190797,0.0005989543320107213,-0.7373929470877529,-0.06307212872963555,-0.002750695906804334,-0.8795411639518684,-0.09413119107806447,-0.006057870773811566,-1.0,-0.11734173905994405,-0.0782774098632915,-0.47993667787620964,-0.043906460678449465,-0.0948303087400644,-0.6883034834935173,-0.07761539366472289,-0.10504635218096274,-0.8214684529939362,-0.1067079781383351,-0.1099838132147531,-0.9357622168570077,-0.1276304664029373,-0.1551809907979486,-0.4052251356639587,-0.06028462513305781,-0.20250967539959738,-0.537589915876695,-0.09791470201835313,-0.23419871027918615,-0.6303992624762161,-0.11750484792698745,-0.26084165952366767,-0.7206607316362731,-0.12927536960050448,hola
0.0,0.0,0.0,0.11348048179332086,-0.12118571149136242,-0.05716895821809972,0.18830419278046628,-0.31601015394060117,-0.0744257589032721,0.22942494426140178,-0.4900341935652582,-0.08764381222843143,0.2692848815664075,-0.6105995634360858,-0.10106677788201118,0.09155755058966125,-0.5052613585118332,-0.038199773460768915,0.12482620805232533,-0.7027861771450494,-0.07757111739240083,0.139618899384887,-0.8279012169307396,-0.111683536968208,0.15198375422118754,-0.9321410697207049,-0.13626112082624076,0.0016529098844562976,-0.5130623817209281,-0.038931757414297795,0.00046146736757587243,-0.7362116214199839,-0.07066306127679081,-0.0019239912231983518,-0.8791837404898311,-0.1019355463908009,-0.0034284926532167524,-1.0,-0.12492425904139348,-0.07833867515601153,-0.4763625150726443,-0.04801881923243834,-0.09520639691337866,-0.6871664017785453,-0.0828483461724832,-0.10540180037756083,-0.8227090299124102,-0.11219825551965228,-0.10973710014197885,-0.9393622321100507,-0.1331183787867423,-0.1536197358195114,-0.4011250047128263,-0.06284846970321983,-0.19911256033507826,-0.5356426565759593,-0.1013073840164532,-0.2298248750212801,-0.628366028492679,-0.1211113341605345,-0.25563862409807014,-0.7182237160799287,-0.1328082365715528,hola
0.0,0.0,0.0,0.11223034347082836,-0.12335632678572162,-0.057124074295311335,0.1865462664053831,-0.3165864277788453,-0.07522395905149278,0.22776800432641603,-0.4903617307020131,-0.08935657312351418,0.26745592713464683,-0.6122281488602567,-0.10365433610164712,0.09189838631890475,-0.5054253378317497,-0.03922623288215341,0.12409560009128152,-0.7057565848576509,-0.0794381608939308,0.13914861599471437,-0.832809163980053,-0.11399252202227465,0.1520997159674334,-0.9394096604616283,-0.13868412481774461,0.0018203777263798792,-0.5130260129153724,-0.03996861075876598,3.0717411058945994e-05,-0.7364218962184719,-0.07189610153917128,-0.002521739580372616,-0.879061266925488,-0.10289914027190679,-0.004115847604100817,-1.0,-0.12563397832302836,-0.078186031250184,-0.4763197629677844,-0.04897741578617274,-0.09565784344005028,-0.6847680144965625,-0.08323461593769009,-0.10648961333638081,-0.8189419443428917,-0.11125125715222682,-0.11139657701414846,-0.9346452751015721,-0.1312752194448919,-0.1532358034121377,-0.40135306484503286,-0.06386603929965863,-0.19826415938653677,-0.53548626414654,-0.10123240669638123,-0.22896107313959027,-0.6273576442657591,-0.1197437862874664,-0.2551399581667972,-0.7163131256089821,-0.13049670721600434,hola
0.0,0.0,0.0,0.113748035331876,-0.12377996937280769,-0.054900761899839924,0.18801765543966806,-0.31703286798403413,-0.07120563735897086,0.22875839090233419,-0.4907605071964793,-0.08388982458158911,0.2679662843797273,-0.6113272717394168,-0.09670055748892183,0.09246882452779773,-0.5064563828906482,-0.03488757725884386,0.12511292775490318,-0.702824664247358,-0.07270417716384758,0.13929372125657208,-0.8260204295336216,-0.10586048570469879,0.15090495919225713,-0.9290666715439259,-0.12979151285685106,0.0023515684321087056,-0.5146753571825532,-0.03614991181983958,-0.00044674472272233505,-0.7383225656592967,-0.06595377302651481,-0.003895009003391397,-0.8803996868576152,-0.09584556669103672,-0.006739784067702793,-1.0,-0.11791240998218441,-0.0774728565378477,-0.47853629860668195,-0.04564135019970707,-0.09607417704002676,-0.6879654896290007,-0.07830156972263334,-0.10641662100621557,-0.8218055795525605,-0.10608016288337009,-0.11080901878655944,-0.9370668906625305,-0.12607849876214244,-0.15222336600220956,-0.4038682289545793,-0.06083610970880319,-0.19875201792959932,-0.5370843486104384,-0.09695655630829664,-0.22956176372186934,-0.6281384337749036,-0.11504421777175698,-0.25541583985462063,-0.716199535539884,-0.12563968865651384,hola
0.0,0.0,0.0,0.11341656441471273,-0.12125254190195646,-0.05608440656065789,0.18718045033319816,-0.3176708974977192,-0.07269966235664417,0.22740843148879855,-0.4932169975663308,-0.08562701824091061,0.26703452229240143,-0.6145130023235795,-0.09876847237955105,0.09232003253210476,-0.5115410748801035,-0.035909734158527405,0.12406653974051744,-0.709163612287293,-0.07421275419164469,0.1378489349046975,-0.8324178450146525,-0.1081398747905892,0.14901118172201566,-0.9363249199652793,-0.1328983957610838,0.0024097961493958725,-0.5185341537498792,-0.03699145285717245,0.0005838978186266541,-0.7394595860948058,-0.06723501768113653,-0.002849925604240949,-0.8809014300762056,-0.09795216145470755,-0.0060223988847379764,-1.0,-0.12093879034507628,-0.07741516687046864,-0.48103725579657364,-0.04651014764728614,-0.09568068249919354,-0.6898619502105489,-0.0796866816391462,-0.1063412012203493,-0.8244259226880181,-0.10830467264401121,-0.11122124613922457,-0.9411896552043987,-0.12919068758860083,-0.15242219932233042,-0.4051741454830551,-0.061875155159562774,-0.19858611206057777,-0.5405845764064497,-0.09915599945976421,-0.2294395822225433,-0.6329005978642361,-0.11844078637384053,-0.2552484388164583,-0.7223590583513113,-0.13003682371605427,hola
0.0,0.0,0.0,0.11402279447804863,-0.12397020334044408,-0.055472899414668084,0.18744753941680584,-0.3195033147796995,-0.07186103068567155,0.22780183968588172,-0.49372410745398637,-0.0846908691226388,0.26724365442953835,-0.6154618411104239,-0.09762198830087632,0.09227026155433007,-0.5098376343921519,-0.03436544266624585,0.12320810046717513,-0.7071213556088758,-0.07277254304585043,0.1373809355584146,-0.8306719529956609,-0.10675517986025354,0.14929202014091403,-0.9354647240721982,-0.13124896184241683,0.002280755853435075,-0.5169636941100648,-0.03540059352353073,1.0075122488945665e-05,-0.7387997732696725,-0.06525143548534541,-0.0025020078330928877,-0.8797595597778269,-0.09532941135202097,-0.00461423436489469,-1.0,-0.11773177536502298,-0.0775775844896695,-0.48012352214661475,-0.04490383832120044,-0.09683223122131336,-0.6847998072445883,-0.07710297809751068,-0.10750905605390282,-0.8175402544434975,-0.10417767300913447,-0.11241420958066582,-0.9331749948391831,-0.12387055179091364,-0.15276896780985486,-0.40566347250459717,-0.060396543080998864,-0.19798960948610564,-0.540712503789441,-0.09565890649779404,-0.22797162839782611,-0.6326562684056137,-0.11315086475398554,-0.25320826461725315,-0.7222341108985619,-0.12359610488186461,hola
0.0,0.0,0.0,0.11350593937657077,-0.12591252042966397,-0.05393583127803438,0.1863707788234108,-0.32206229997009944,-0.06933516684532955,0.22703815167569932,-0.49700824656480996,-0.081657441201202,0.267250588132119,-0.6187757237244901,-0.09399326973477558,0.09096169764390437,-0.5098115717949488,-0.030595882973034352,0.12105905891558123,-0.7068540689457807,-0.06795271994189415,0.135165313686776,-0.8304294155789314,-0.10131977091271069,0.1472730978618328,-0.935328278816983,-0.12549369725673074,0.000982526641179195,-0.5167601260348393,-0.032107483473023626,-0.0019323273612776545,-0.736895643469066,-0.06159044510463953,-0.00448690815155521,-0.8781353605601041,-0.09148968635804836,-0.006217982621397989,-1.0,-0.11395629045223538,-0.07937458978716909,-0.48027184754295493,-0.042154103578569184,-0.09750584477100314,-0.6827136463396277,-0.07422123184636926,-0.10702125202157643,-0.8131102517339931,-0.10077769743076004,-0.11100315542265163,-0.9268795847213132,-0.12010615648877826,-0.15539627068107706,-0.406727311457049,-0.05815651723048101,-0.2003190503629095,-0.5399119867177125,-0.09307139839890932,-0.23042303748128407,-0.6318244069386472,-0.1103053841037459,-0.2562830257496463,-0.7218833473740066,-0.12066896454968828,hola
0.0,0.0,0.0,0.11211648331010443,-0.130628279143412,-0.05477522225912003,0.18312173282172275,-0.3286681256320672,-0.07136437112678741,0.2248046359841566,-0.5033876894628041,-0.0850692700418988,0.26289072072646613,-0.6272321065498071,-0.09858014955551289,0.08843451509250062,-0.5137567251453242,-0.03145275801728595,0.11883550041631046,-0.7129194375943456,-0.0700037887479881,0.1306145725529526,-0.8392717178847697,-0.104517694989675,0.13828875316210335,-0.9467724876942355,-0.12978514837518887,-0.0018571849284727058,-0.5184126680723012,-0.03403611999585667,-0.007843305996513901,-0.7377376589295226,-0.06556744892207349,-0.013901967452198166,-0.8786317314763643,-0.09683139769647942,-0.01976682004193774,-1.0,-0.12024718363696821,-0.08244061146885961,-0.4798931995248735,-0.0453116564292827,-0.1019033891334463,-0.6824081026015831,-0.07984274672797033,-0.11351258085867455,-0.8123666028135326,-0.10672729465367188,-0.12079879526329709,-0.9255979898471989,-0.12594140805108978,-0.15852543047868672,-0.4045548379467378,-0.0625699598816015,-0.20576920193228224,-0.5377335883335107,-0.09983259651858528,-0.23790680065154074,-0.6307332111518084,-0.11763798749412328,-0.26523193415022894,-0.7218700879991058,-0.12814124322135367,hola
0.0,0.0,0.0,0.11742812489215045,-0.1312721268224193,-0.044716487038179376,0.19034007091566213,-0.32882308764176205,-0.05651942946695164,0.22777517003662623,-0.4955814962633063,-0.06742875136238614,0.26224543323621086,-0.6107337663658761,-0.07918258048084008,0.09496162063715083,-0.5112077004996947,-0.0281165423243365,0.12709331473461088,-0.7110633027667513,-0.06510096812887212,0.1407662616978295,-0.8328893016875218,-0.09752983225831399,0.15066116060123308,-0.9355991430981563,-0.11988730211641183,0.006268510233773807,-0.5166963274402181,-0.03379109587810203,0.00631536340439344,-0.7436450677201386,-0.06250159570138758,0.006417482284995831,-0.8842608530411308,-0.09074874132751193,0.004838553803279105,-1.0,-0.11108823870077685,-0.0736038773861288,-0.4813784132691801,-0.04680766760210548,-0.08927468560726536,-0.6930235030138141,-0.07832075525686608,-0.09778233340152456,-0.8261588758592383,-0.10286079711129413,-0.1025397996726091,-0.9357816365993601,-0.11961898446552698,-0.15089928220153936,-0.4093163089825809,-0.06474052879043012,-0.19321400467559005,-0.5566295125989388,-0.09784394420984655,-0.21944237453621313,-0.6540542838673243,-0.11141339941277503,-0.24121081328531,-0.7429023690192815,-0.11843337871179405,hola
0.0,0.0,0.0,0.13620774911003466,-0.10183355799444614,-0.04931578107924382,0.23888027830361974,-0.27414098914291324,-0.06758597997476229,0.3009094048271165,-0.4332386447672594,-0.08502098728172003,0.35403800901044175,-0.5503705750078934,-0.10318606621494834,0.17851225042062105,-0.492298415644086,-0.025491290915218866,0.2402119879030895,-0.6703931689643199,-0.07225015833078394,0.2798632464517284,-0.7844817158276941,-0.11435744731069783,0.31478316362233016,-0.882792706005888,-0.14256617243023006,0.09531613495377375,-0.526665354586186,-0.0326197059169721,0.13561260300181313,-0.746104076384029,-0.06676384522274445,0.1651705906124946,-0.8823127978116786,-0.10180991512088496,0.19075274956388952,-1.0,-0.12830152733251066,0.010745732610846515,-0.5153858561580553,-0.049068033819902414,0.03239580988496651,-0.7263555891809305,-0.0855208535743405,0.04811372621599398,-0.857528984728701,-0.11402313088566626,0.06571404944946033,-0.9656033870939988,-0.13406859897951606,-0.07956137290260284,-0.4626300078435144,-0.071083304086321,-0.091099171525993,-0.6252639168373089,-0.1040961189491973,-0.09659602660396241,-0.7290034805406667,-0.11660811402678456,-0.10140024062850538,-0.8251081139055099,-0.12466953357595945,hola
0.0,0.0,0.0,0.13550981728742648,-0.12663444261369755,-0.04738166429312927,0.23210397229245114,-0.29970256049059985,-0.07110693417393033,0.2844729472892069,-0.4387147060968108,-0.0957771689641913,0.3341725943575025,-0.5477020710825489,-0.12289064542249244,0.17845366986749192,-0.5024976060109964,-0.04510438413413387,0.24965313079330897,-0.6754453571448139,-0.10267778652921478,0.29451022057072795,-0.7836990321192948,-0.1492570352073515,0.33429202317791384,-0.8708811174648338,-0.18048215363318085,0.08642019512590193,-0.5332489327983642,-0.05896206266906301,0.13007461792332556,-0.759227863600438,-0.10722403059950154,0.15890773652317083,-0.8932841743048939,-0.14543890832443754,0.18733242106284506,-1.0,-0.17241512761551073,-0.006640367471225333,-0.5125297519819029,-0.08157344776692707,0.004359589642260426,-0.733222910133791,-0.1325098474883734,0.014319327982781491,-0.8705996234224834,-0.16539971613128693,0.03148343796212476,-0.9857227036540225,-0.187521341457175,-0.10263656550787649,-0.4472307938584542,-0.10873522724290764,-0.12851053807318497,-0.6046118736461525,-0.15680379551809373,-0.14620113531318962,-0.708794073191593,-0.17792110887736326,-0.15561594058047268,-0.8068131828502059,-0.19076841412039713,hola
0.0,0.0,0.0,0.09219939037091938,-0.19583314164922835,-0.052264621087158444,0.12341696547389186,-0.42585595370353385,-0.06282278449774231,0.13515755200518437,-0.5983565208714047,-0.07130003441168882,0.13313171366934842,-0.7208968753016693,-0.08258980852851137,0.023883929017447653,-0.5449000518978071,-0.028051249849952855,-0.0022736881542129547,-0.7573808725527966,-0.06389100299202846,-0.01661131780486147,-0.8878727274795358,-0.10108771920300859,-0.027783420458823704,-1.0,-0.13086057041768587,-0.057667813367587174,-0.5321251499817408,-0.029809040276861064,-0.09998625285337161,-0.7416834700338117,-0.06383703319936665,-0.12641453835213703,-0.8762978070319339,-0.1101517765969071,-0.14775324514538835,-0.9898306363052854,-0.14827140177089967,-0.1280371878616711,-0.48525358318126566,-0.0386229907370206,-0.1784813663280879,-0.6673672665145276,-0.0718808010161087,-0.2069547838611258,-0.7803153135278752,-0.10860547478747627,-0.2291550903348778,-0.8665844733985022,-0.13740223182596298,-0.19216115506858308,-0.4031918564019806,-0.05331685039265614,-0.23820958590787647,-0.5478113287626928,-0.0827403395715214,-0.26219295167880474,-0.6177953239982623,-0.10252789021134423,-0.27776488331917504,-0.683118747044034,-0.11879831402792464,hola
0.0,0.0,0.0,0.08215666567485586,-0.1837392102400035,-0.04002138092728717,0.10053464133774688,-0.4273905834536831,-0.04711745383326823,0.10801350074540945,-0.6020285589042579,-0.05625164880823046,0.1250294686232476,-0.723576707428377,-0.06617883352048094,-0.017563669019015127,-0.5559913832100863,-0.01942497887835923,-0.034668072209837246,-0.7689607386278486,-0.055193763306797976,-0.04600709079342826,-0.8956273976595783,-0.08488404745714226,-0.05600885828134693,-1.0,-0.10690560999752266,-0.10553653224361015,-0.5300588810403631,-0.030076595248538146,-0.16287737838745403,-0.745437448955065,-0.06455138171782804,-0.20141119789733186,-0.8757954132206196,-0.09534364313085882,-0.2337209517754717,-0.9806247167814023,-0.11762135780804811,-0.17812418515830136,-0.4673831632695786,-0.04907932399939365,-0.24587804573780495,-0.6590352547196521,-0.08962195635462089,-0.29005359636438593,-0.774375679626152,-0.11870172576230385,-0.32484174826444684,-0.8693615655110206,-0.13823932652347135,-0.2416935804288104,-0.36916401963806517,-0.07260326751518745,-0.3205631945401688,-0.4957191761003014,-0.11261292847208271,-0.37698200020550976,-0.5721694248729468,-0.13228431119873135,-0.4264821234163364,-0.6422413497970841,-0.14470821372059897,hola
0.0,0.0,0.0,0.06819912617623596,-0.060219687154921916,-0.09711662166001125,0.10394652100893485,-0.1747790596007481,-0.16249468156906924,0.13784736529165023,-0.27355677962189356,-0.22161088611718543,0.19917774086188889,-0.35808023014653545,-0.2789011791659886,0.07482188538823693,-0.45609724041745897,-0.09374351125911584,0.09696111084790594,-0.6647272316531759,-0.15026420377025626,0.10447875693412689,-0.7890886933700876,-0.18919838294670613,0.11144304662193388,-0.8826594557838067,-0.21776287566399158,0.035924434093529585,-0.4933303363032412,-0.0849070003285049,0.08050515625609642,-0.7410374270941296,-0.13788350660565246,0.09751831862673095,-0.882934441239204,-0.17006821926052962,0.11114897509183828,-1.0,-0.19148632032750804,-0.004497169939332766,-0.5014464993291476,-0.08816069464201806,0.005080343476412936,-0.7310689675071425,-0.1398711916119894,0.00023008892004100452,-0.8655214186152476,-0.1709659480807787,0.00014125869443122146,-0.9711099904157069,-0.18970584890514158,-0.0462680616158805,-0.48588682928993304,-0.10019372707572566,-0.048777484429837425,-0.6521583138007416,-0.14097063648126743,-0.05527774489715136,-0.7572601557544342,-0.15958336410326693,-0.057285432234010225,-0.8439548064560478,-0.17231074762390441,hola
0.0,0.0,0.0,0.1436633413965448,-0.10329045135451079,-0.03304084369968651,0.24841879766534508,-0.2979296335381935,-0.04086238030297512,0.3079680361325595,-0.4504200128670933,-0.052567910274139186,0.345787712826639,-0.5602059700170273,-0.06372503710637505,0.19486739067480782,-0.5025088472788509,0.005006573876713564,0.2552568009317985,-0.6554485005287568,-0.04257966305376708,0.2875600638458052,-0.7206425739331518,-0.08775769347359025,0.30904368263093324,-0.7591035251082288,-0.11425266234634424,0.11295445901470502,-0.5381402533186221,-0.010757615783177637,0.16463031980376147,-0.7498897766188674,-0.041642524977329086,0.19958722996993886,-0.8846020078802629,-0.0755645572053474,0.2315797697198287,-1.0,-0.09998920060422714,0.023663853495536784,-0.5296738476119212,-0.03773951551807058,0.060074992406023396,-0.749152778959388,-0.07465476366023434,0.08461473299755673,-0.8793248173764879,-0.10359519957566866,0.11119738910489305,-0.9866111014244248,-0.12255094440682436,-0.0759290168372287,-0.4811016161443545,-0.0693040719799296,-0.08200665354987408,-0.6526751146335769,-0.10067782095775937,-0.08459552062593476,-0.7598104264644061,-0.11123033153009136,-0.08332048419386891,-0.8590813818108037,-0.11813854154396625,hola
0.0,0.0,0.0,0.11742435756060758,-0.16078561075777026,-0.029470444479007603,0.1840084848926921,-0.3892335046274166,-0.025050316434317033,0.20890719479005612,-0.5446073501870433,-0.022910557664807724,0.16754896725959564,-0.6368510021254131,-0.023634013539597817,0.16270751394633448,-0.5147236271900311,0.014107331561715852,0.1774217323939538,-0.7211698715833511,-0.010749845828255205,0.17558070622973593,-0.8589647231183528,-0.040973816679482224,0.176345785698287,-0.9661607728509958,-0.06677912933235691,0.08148403157308173,-0.5312851001918312,0.0009568100518934516,0.08142769992789968,-0.7407683750308732,-0.023886029384951712,0.08146169527804221,-0.8833105713613341,-0.06637589477527349,0.08368022937380694,-1.0,-0.09967709392462347,-0.0037896224526232617,-0.5037798244358389,-0.01987073901742123,-0.018886687451757662,-0.700323603786012,-0.05104170990776553,-0.017268165149664116,-0.8206562819603489,-0.09092964237977633,-0.014855293014366106,-0.9192472270476317,-0.12121453658793609,-0.08797738890409988,-0.44097129800853,-0.044266076881142494,-0.08960032937444301,-0.5786002151099502,-0.07278746997108862,-0.08779151902037827,-0.6370625219303615,-0.09194674919932774,-0.08333027363037201,-0.6859292116289034,-0.1083634274753515,hola
0.0,0.0,0.0,0.10570715371989696,-0.19664192239068193,-0.02165324918703263,0.123520890298948,-0.47239723205385636,-0.004200528238088647,0.10427158876551153,-0.6798304551432367,0.009051276073507098,0.08146750026043857,-0.8194326935372825,0.020433106930874093,0.06644981767863879,-0.5869724659685783,0.06462881699294087,0.05839932835102847,-0.7965499138540237,0.06676800322226174,0.05867706192109645,-0.9164253990019042,0.05337874909054621,0.059590676973972134,-1.0,0.03924701801411687,-0.02332225420222168,-0.560479082299358,0.0626157807636863,-0.03629829095617139,-0.7750123174584919,0.06671692491027266,-0.038872090522290396,-0.887153345024216,0.04995527738899114,-0.04011621528105476,-0.9502669980019147,0.03398731816284708,-0.10745538855961195,-0.5084114373826395,0.0504876211821666,-0.12990788393449912,-0.7031043255896996,0.04917144449661757,-0.13773098312505863,-0.7847397837061976,0.04619943766690581,-0.14378969703229094,-0.8384136544364758,0.041507341017414164,-0.1883297147864601,-0.4354123783064707,0.03311072369404121,-0.2184295465743528,-0.5826664468562008,0.029728643839406012,-0.22979945887735953,-0.6236816471857712,0.035155972118230516,-0.23668968411784888,-0.6547755421567504,0.037771892075077744,hola
0.0,0.0,0.0,0.08860295926231614,-0.19320413055347546,-0.04297429361380067,0.11754695701763496,-0.43611751672562127,-0.048915986090184584,0.1214890501275016,-0.6192243608910731,-0.05718876047064171,0.12159526489957406,-0.7522354531817904,-0.06598892679055832,-0.02022433180685026,-0.5741953708039345,0.0011019567370151194,-0.06935089075662235,-0.7733757693063736,-0.031116386878873126,-0.10525560004564401,-0.8978273950570722,-0.06189290576867098,-0.13458653268219764,-1.0,-0.08549519967034377,-0.09629786185075125,-0.5498023453760236,-0.009008793651286248,-0.16014636854460998,-0.7590268891400525,-0.042049971200277134,-0.19705951084116094,-0.8886741987380956,-0.07757909503435238,-0.22749604883072314,-0.9941601023035852,-0.10314346054516076,-0.16330932838996018,-0.4923207192157166,-0.02957890443484558,-0.2408349101908215,-0.6877223281333307,-0.07256771810963983,-0.28444815318896355,-0.8109574944542596,-0.10784438363520625,-0.3174704877802064,-0.9143440957779223,-0.1304734779396854,-0.22484951951311796,-0.4044923720046203,-0.05501434366835552,-0.301601568955487,-0.555452411159677,-0.09806186985275989,-0.35536547565087084,-0.6473918571328989,-0.12187822970786781,-0.40273861361110586,-0.7315966205887551,-0.1368803071041564,hola
0.0,0.0,0.0,0.13373138774585883,-0.08550570790971851,-0.03982792223346524,0.25261700106915164,-0.28392315303196464,-0.0535967009417447,0.33088535994872603,-0.4342197004392163,-0.06709071800324329,0.39153283720218623,-0.5383272138248612,-0.08064471117224878,0.17487760409657294,-0.46938446372726533,-0.0260740464829291,0.2539103932344943,-0.6303553173546805,-0.07604159146753943,0.3033634097578755,-0.6931756960363272,-0.11753879230594211,0.34230790635907427,-0.7282635888807422,-0.1421149676897125,0.09065648095511689,-0.5085730417960775,-0.041799989913616685,0.13951681146321587,-0.7339330917100577,-0.08247040849366272,0.18111855157174195,-0.8786064884531422,-0.11902818953149061,0.21824613396350476,-0.9921492254772579,-0.14338247193606382,-0.0019263590702124805,-0.500577090932125,-0.06728093916159814,0.03225877557347751,-0.7298078947224628,-0.11844294285252893,0.06821989593428937,-0.8787850487149033,-0.15944915558881032,0.10426429800572765,-1.0,-0.18438045202268472,-0.10090440554016038,-0.4518395459009682,-0.09521858959009864,-0.12191043613817494,-0.6255621829149853,-0.1430672351188774,-0.13433054978840592,-0.7436836897812944,-0.16593219315320884,-0.13690865624255635,-0.8490882380976185,-0.1798367093929603,hola
0.0,0.0,0.0,0.08268551712766975,-0.20261907797179166,-0.056448104232868786,0.09785166150576549,-0.433530674183049,-0.0659175393492148,0.07222708984472255,-0.6355819407646867,-0.07280543432757909,0.05229054961066481,-0.7869566688850242,-0.07798753972318814,-0.025856906223805078,-0.5623225026379585,-0.002025751277229257,-0.05724587425776103,-0.7792721404106724,-0.03200229658782033,-0.08227797294870966,-0.8995833440945371,-0.0633130566690366,-0.1041245624666704,-1.0,-0.08550674304836914,-0.11587054901974558,-0.5244113070534061,0.0010475669868029568,-0.17736965323992127,-0.7475288522509786,-0.02021271424580909,-0.22124518251036124,-0.8854141093741896,-0.05151328820193272,-0.2549291981660016,-0.9991326380183793,-0.07559445736247825,-0.19086601691723226,-0.4500260314381424,-0.006897987980875208,-0.2649783622322449,-0.6398063768448922,-0.034641868712714206,-0.30649718993114966,-0.7567545972379278,-0.061895792695294896,-0.3335939851861096,-0.8572762384148324,-0.08116402394802093,-0.2560417461704405,-0.3421349250410699,-0.021398823429086406,-0.33452682762948205,-0.4611551479085282,-0.05050860568361681,-0.3854783129545403,-0.5421063873616014,-0.06461093016562755,-0.42807623353871566,-0.6255818353909788,-0.0732531196907785,hola
0.0,0.0,0.0,0.07608141106362433,-0.1938699721157268,-0.0281804308841612,0.092516953868824,-0.42121419437218716,-0.029988748731872825,0.0737482101672212,-0.6015758462665164,-0.035601192220038755,0.054494369583261246,-0.7387770636886739,-0.04146355104441024,0.004747240310557709,-0.5694744038588915,0.007292331567208971,-0.006873115732630023,-0.7821620897953959,-0.02193270164116697,-0.02249053853474382,-0.9002786256718581,-0.04990911243219152,-0.03842559290904781,-1.0,-0.0714146864132523,-0.07453673103850222,-0.5567613465332416,-0.005627714645422197,-0.10364254397993165,-0.7684685447847485,-0.030947709214968148,-0.12643545409002407,-0.8929200348457423,-0.061779338590688994,-0.14765882090427832,-0.9961304479452854,-0.08563827787669495,-0.1487480031788481,-0.50251373504546,-0.026957583863549375,-0.19842679134500665,-0.7017847594053893,-0.06141706577235035,-0.23471802374753145,-0.8211453961234955,-0.0946943460238943,-0.2655584773644216,-0.9177929088356853,-0.11903032465082165,-0.2192149193700328,-0.40879992383814506,-0.05120053488580842,-0.2983403051484672,-0.5366751783629294,-0.09007935627863685,-0.35333812307580464,-0.6096221071442692,-0.11132815368030008,-0.4047979238905849,-0.671972809842869,-0.1251790098545092,hola
0.0,0.0,0.0,-0.02576598980330315,-0.09204157702368643,-0.011452871991078762,-0.05593582304733252,-0.24665345928959126,-0.022545235277342812,-0.08821784905038693,-0.38187974312126804,-0.03847404626840931,-0.09698787424817178,-0.4934200919386037,-0.05417935282082277,-0.07291050880157862,-0.45032652640508897,-0.024102689089858194,-0.0826785058470823,-0.6734586322379665,-0.057813932834085806,-0.08277887423405648,-0.8033729866662183,-0.07345295482324428,-0.08230552963982743,-0.9056967525640486,-0.08524948861292632,-0.04925407543944378,-0.47463714321253014,-0.04852069269594871,0.005866937081740031,-0.7168475281409081,-0.08206037570179422,0.03145742343915212,-0.859440672683492,-0.09426607229978845,0.05118059609798751,-0.9904374239003508,-0.10139715517856814,-0.027743604812689265,-0.47253982681855383,-0.07851971451217729,0.045695046332854795,-0.7090424894328966,-0.12369633207697926,0.08851864036394556,-0.8722227970423871,-0.14213565717050636,0.1300919920362173,-1.0,-0.1508777813376408,-0.015725887093300993,-0.45115320036159295,-0.10931225231091418,-0.01227745779774921,-0.621311135181286,-0.15981897888769492,-0.028212994930133222,-0.7406593787176446,-0.17802148260660963,-0.036031685998474276,-0.83753655900057,-0.1872057392476336,hola
0.0,0.0,0.0,0.08665971792771644,-0.17494289359957985,-0.043788549797223214,0.12418018474500281,-0.39347205206652647,-0.05377280731614622,0.13029375840254923,-0.5628712711019505,-0.06321077967250267,0.11136086333991747,-0.6968491678769155,-0.07365542896289434,0.0647337571331483,-0.5402296803960589,-0.010245460309284417,0.05045262386089648,-0.7289537370572751,-0.046829558503403354,0.029820256106697356,-0.8590584851146822,-0.08536317630599144,0.0037557713532915906,-0.9708777479908446,-0.11381766625320675,-0.017684399761284764,-0.5223653461335344,-0.020600835589857227,-0.034390647212768966,-0.7256368622558829,-0.05236991616232753,-0.057843479905562385,-0.8700000501719954,-0.09365796510210787,-0.08340422108827257,-1.0,-0.12358228530665989,-0.09993969356580827,-0.4654974623906215,-0.03973523074342049,-0.13681522011262695,-0.6645794229020812,-0.08104289963410127,-0.16549409565573547,-0.8002842405201641,-0.1203753324403435,-0.19250301592080657,-0.9182557834740697,-0.1456449771510666,-0.18428074258493948,-0.3717471748478407,-0.06292284415034079,-0.24254696054076785,-0.5111839977367751,-0.10544542467689744,-0.284981802837881,-0.5960943372428323,-0.12754124753571727,-0.32267657454661014,-0.6796991550218157,-0.13996459435981456,hola
0.0,0.0,0.0,0.09542618571290935,-0.19983811675031854,-0.0547212745115603,0.12200526940522094,-0.42910688812281367,-0.05508525257854934,0.10673931183552611,-0.6202468852529718,-0.05341526948005126,0.07698104650143912,-0.7689392725789213,-0.04948442004261876,-0.000705178321988474,-0.5602274724668326,0.010313558711188312,-0.02565121064091026,-0.765788674858074,-0.01281347753537128,-0.04876748223969134,-0.8881400208377596,-0.040816004963013734,-0.07158972923365253,-0.9943519552719455,-0.06271381790856027,-0.08722805733689301,-0.5329385655653817,0.013895352390636195,-0.13490454328552268,-0.7446541459862777,-0.004687129718742508,-0.16850162920025846,-0.8849941816901122,-0.03684624241504497,-0.19514911941242763,-1.0,-0.06288772508202532,-0.1635449174574929,-0.46840464728592646,0.005718639624127725,-0.21898901895488715,-0.6602045107270562,-0.020342188957233644,-0.25138018822373887,-0.7859210774475125,-0.05204920979308084,-0.2743921934745889,-0.8907425868382665,-0.07529001633826927,-0.23237428445442387,-0.3731020870310313,-0.009370717833812912,-0.3006340518634051,-0.49290652445169897,-0.04009050119952437,-0.34537207825889393,-0.5799849709479159,-0.06243229470893041,-0.38017498337432887,-0.6671842494735107,-0.07762426702192744,hola
0.0,0.0,0.0,0.11283974430836902,-0.09388915682167688,-0.06600352321504666,0.2027434379472046,-0.2821322434780693,-0.08371331568461718,0.23216206062647401,-0.4555068111385813,-0.09361566452616597,0.2284994937663166,-0.5975126270738348,-0.10301347962637009,0.18418652038535197,-0.47359243186373284,-0.05257802129551965,0.21026731764899179,-0.6799631816644345,-0.09314886517395943,0.21673591945048104,-0.8214720996974026,-0.12716942766071268,0.21895362411244104,-0.9347856037506483,-0.1516212047392611,0.08571724396942569,-0.5054239796857686,-0.05274941993537696,0.09903322472807502,-0.7228883268813411,-0.08856098618338432,0.10483007038396432,-0.8772984027441229,-0.1231344674369783,0.11308237783084292,-1.0,-0.1480667422499941,-0.012230390142344293,-0.4892744189525463,-0.06194706402697032,-0.000963021808102563,-0.7011750977652533,-0.10507469489194365,0.012302745277508971,-0.8400683084699493,-0.13954229580544122,0.03009986802292375,-0.9507011799700401,-0.1620880043591751,-0.11630073160707949,-0.42959668764550296,-0.07688559880710626,-0.15095857776212573,-0.6049231306280348,-0.12351715723941635,-0.17063377095580404,-0.7191466833707304,-0.14705774066451344,-0.18006445228885273,-0.8167638924037213,-0.16037986633787504,hola
0.0,0.0,0.0,0.064990695796587,-0.1513206004928247,-0.06773252125313033,0.08407876276944087,-0.40798426997018133,-0.07017829364449515,0.06610890965185756,-0.6144394049640856,-0.06606127174893407,-0.006679455218127562,-0.745511213194038,-0.060162618759697355,0.057522132474103004,-0.5423050570455933,0.021773773264708075,0.026869490486223037,-0.7541159004359228,0.011971489886330346,0.001683546028244787,-0.896145472065722,-0.008988734316379888,-0.02316776652520296,-1.0,-0.0278340250435349,-0.009833890230631774,-0.5277302596534018,0.03717145987199239,-0.042556642679248385,-0.7373283112914291,0.03345852339521976,-0.07019779726684598,-0.8741320058447064,0.011292688468768745,-0.09482160539972455,-0.9829449416914643,-0.00760549187620589,-0.07401317356790457,-0.4806752280601569,0.03911793929060308,-0.09877500238086505,-0.6743922127773544,0.022290516482334485,-0.11690484763266779,-0.7707995246542477,0.00529698708806176,-0.13324794760194353,-0.8442103474779646,-0.006676861396973603,-0.131135292416377,-0.4099216861639603,0.032262142346720826,-0.13948963824142246,-0.5475729129155507,0.008561242960226248,-0.1490222532297143,-0.5889418986284212,-3.2836093460149364e-05,-0.1539030453159494,-0.6191837077140119,-0.004737463402998992,hola
0.0,0.0,0.0,0.08071094736091693,-0.19524195420979923,-0.055019935694658816,0.09466670663900392,-0.4185413417438908,-0.05863373398810755,0.06726293118880171,-0.6034320028446456,-0.05855731836739026,0.01180896149900671,-0.7314676795719876,-0.057298323509579654,-0.007882985546459225,-0.5423050142700457,0.0018944101568617352,-0.04076183812635492,-0.7557320843079541,-0.01962667753292523,-0.06809674784906729,-0.8810854440969946,-0.047754424401647344,-0.09692284607132906,-0.9926528168812937,-0.07079355897221894,-0.09145563751196122,-0.516856924762855,0.005326661353258182,-0.14614087935522416,-0.740742772580456,-0.011789290351502987,-0.184333597795982,-0.8830397451716289,-0.048135751056767664,-0.21657862129900812,-1.0,-0.07774343436947355,-0.16321177415094387,-0.4581452410611271,-0.001371503520082622,-0.22922486162922368,-0.6559689361433257,-0.024509865065584713,-0.26534336198358477,-0.78626430889678,-0.06158412918311786,-0.2943224566872579,-0.8917519678704242,-0.0891382021951098,-0.22858360462196672,-0.36409297534171037,-0.014318758344086703,-0.3025962898589315,-0.4974592622475674,-0.0412596828491674,-0.34969512830844857,-0.5868635005270761,-0.06444501545638906,-0.3890163571053072,-0.6783629502386105,-0.08122524526428028,hola
0.0,0.0,0.0,0.02667487065020113,-0.1155526661523152,-0.04269302030669271,0.029256820258050438,-0.29050474505054164,-0.06832557675989158,0.02585950871293031,-0.4396215019775498,-0.09296953000578516,0.04206217712566075,-0.5520000315323448,-0.11690042973884117,0.004654783232747343,-0.4860845314081563,-0.04996548831166455,0.007931161069307198,-0.7088884961944103,-0.09820474278431565,0.003243651084811198,-0.8298612320033472,-0.1323509651347641,-0.00668796254530759,-0.9339201046826069,-0.15745154764108504,-0.0237603981340735,-0.503631266015878,-0.06465604492981102,-0.0027731741682493058,-0.740115968558669,-0.1158805554633162,-0.004900831074361331,-0.8800286400882046,-0.15239962408146077,-0.009458449297811112,-1.0,-0.1762587996742793,-0.05913849453717057,-0.48508535023387384,-0.08595388190054165,-0.05065814513012497,-0.7187363520337855,-0.14100866905094395,-0.057636348575977214,-0.8651373708390667,-0.17708005899610335,-0.06132760368333619,-0.9836984794780872,-0.19862413043454144,-0.10150357327755612,-0.4312833467236311,-0.10975866718468302,-0.12769620210226382,-0.5944863425830401,-0.15454155415120038,-0.14783677066746628,-0.6905196213897032,-0.17154569951984844,-0.16419751884639872,-0.7709836556749173,-0.18187917138448675,hola
0.0,0.0,0.0,0.1020690414657438,-0.10844507152914772,-0.05417346618943767,0.15565084296304987,-0.2784274720953803,-0.07873036253896265,0.1780636258660968,-0.42738166624221074,-0.10145371340640197,0.2074729876499085,-0.5389643730513536,-0.12153498598271462,0.1406907965594404,-0.509000666252646,-0.036916189077884964,0.18583094225798985,-0.7010014506335083,-0.08403017542585292,0.21287362993442951,-0.8119869253361246,-0.12006810206897843,0.23650369052300046,-0.905009879792221,-0.14423360827613357,0.07047808546151847,-0.5326689170414564,-0.04308748849518457,0.1199976350592692,-0.7439152138973076,-0.08454563828775985,0.15116027930092615,-0.8784454782435972,-0.11580252789179395,0.18200979744984377,-1.0,-0.13709876465504364,-0.003196905576120803,-0.5097402029852477,-0.059582003025783425,0.01981808590171225,-0.7134398534715266,-0.10279058009743422,0.03422680672060576,-0.8420672855832211,-0.13338362141659588,0.055242376265551,-0.9521062527974724,-0.15298019856538192,-0.08439788225274905,-0.443890121174416,-0.08136701703884007,-0.0919316960440565,-0.6067177023523032,-0.11735972911290463,-0.09475463960084866,-0.713180322264482,-0.13340431010486614,-0.09212611379842339,-0.819688177713987,-0.14456561978634122,hola
0.0,0.0,0.0,0.07129883344881414,-0.1809652945824715,-0.050003064672374975,0.09243808722789586,-0.4178530422759024,-0.05645249260249903,0.07609169285888685,-0.6017683389063581,-0.06029951025120408,0.012446547996644968,-0.7124849091151481,-0.06545146195529364,0.03989731459254277,-0.5469183245748473,-0.005800672023395367,0.010166699780547898,-0.7602146374962598,-0.03062191024373749,-0.007414571020876062,-0.8873171533803965,-0.0634295802023596,-0.023719166518537782,-1.0,-0.0921102245877127,-0.03493165537913492,-0.5335039225445898,-0.0054503246180745354,-0.06805907064952797,-0.7495260064178343,-0.024933750095857053,-0.08742076320842328,-0.8776173049604132,-0.061066159784079435,-0.10627147040292922,-0.9909671091993252,-0.09297309252459462,-0.10642453833682948,-0.4847980795987262,-0.013860705130611741,-0.14907333952761276,-0.6778604987917405,-0.03800157833136389,-0.17666940974192313,-0.7950369794862917,-0.06973320464977513,-0.20421673406576563,-0.894901444748653,-0.09604700253966623,-0.17237043085084208,-0.4032330113475106,-0.02815903324946047,-0.21276559568758827,-0.5497382889329906,-0.05303280419717683,-0.24210069743620624,-0.6126442767986352,-0.06794711289875685,-0.2723291624924045,-0.671539995714886,-0.08137591248019603,hola
0.0,0.0,0.0,0.07912963942293565,-0.1943418388100023,-0.05270637612123078,0.09406787763659155,-0.4183655052078898,-0.055105125746747266,0.06198910969859584,-0.6065763665378393,-0.05511573555284326,0.009711053339782191,-0.7324453901333643,-0.05430596764753744,-0.017192956456272522,-0.5573651203431277,0.0021181148491212637,-0.04971412488248833,-0.7691791970512576,-0.022100876945795562,-0.07645661363338571,-0.8899213257140943,-0.050412164968957056,-0.10161167256909157,-0.9967243049568653,-0.0731803594131294,-0.09776638997045273,-0.5285833976663267,0.004420666530535446,-0.15057172526625448,-0.7519192167366349,-0.015525926905421063,-0.19025900718566596,-0.8869909909992966,-0.049790108426680565,-0.22394100056617644,-1.0,-0.07820118701565011,-0.16626630974387765,-0.466552801397913,-0.003909304181866937,-0.23368837770264356,-0.6573076499198829,-0.028166326772955982,-0.273670921075988,-0.7791426731202867,-0.06194875798659065,-0.30645422316186743,-0.8811118216326417,-0.08803597020856485,-0.22885651374294483,-0.3728402331837166,-0.018828629513439703,-0.29994304431752883,-0.4977200940316153,-0.045306063258715466,-0.3442018696537304,-0.5782216174914446,-0.06727267955377195,-0.38362720229823305,-0.6606566609511234,-0.084087608849325,hola
0.0,0.0,0.0,0.06312220005408052,-0.1752211942051016,-0.04572366412138812,0.07893801202926194,-0.3894044199864068,-0.0609365932332739,0.06472384829195686,-0.5651058224258768,-0.07613884555301159,0.03358589180485214,-0.6908680350013033,-0.09198931047497241,0.00734051727288008,-0.54579225527955,-0.030797124257710015,-0.018187559531204704,-0.7477492027995196,-0.07532337462616402,-0.04122373014306978,-0.8659700602193915,-0.11194789289539245,-0.06245270999442142,-0.9685279074979476,-0.13727659345251925,-0.07199097927156949,-0.5268990302047021,-0.040017449703082596,-0.10997030443435916,-0.7438239800827773,-0.0780563365213209,-0.14525729660729989,-0.8803880003361763,-0.11216461845379819,-0.17603544710218538,-1.0,-0.1373715845487217,-0.14024041471477397,-0.4680043069532447,-0.05760781304745128,-0.1901866387007033,-0.6651346288297901,-0.09785511343673359,-0.22620968625989343,-0.7876552683441372,-0.1266209569588859,-0.25445287321040977,-0.8920409824384469,-0.14640309254265102,-0.20391182438934077,-0.37352746291708383,-0.0801095312306868,-0.2734389121532574,-0.5075371681782416,-0.11776562174491462,-0.3186709346429589,-0.5974133919936467,-0.13431161972542127,-0.35894201325703595,-0.6818851568456927,-0.14501592412080347,hola
0.0,0.0,0.0,0.07257860575021935,-0.14172530343800485,-0.021218576496206103,0.1025861766161608,-0.33758306324142223,-0.029828528007761607,0.10834594587369241,-0.48573155023783804,-0.04473909599350655,0.12289008803220236,-0.5961709909220156,-0.05940380391365711,0.07586341845947173,-0.49567504165090176,0.003282532121399817,0.10668999438961332,-0.6276990619775072,-0.037826965936500416,0.1311501218430436,-0.672997390854587,-0.07495944940702398,0.14747105229838345,-0.728483409629889,-0.10175490124365516,0.01566482339534958,-0.5240372951475539,-0.022697316249638704,0.040155367981586344,-0.7327349465453793,-0.0657573087715985,0.052619857501376606,-0.8682289260546581,-0.10332520057690656,0.06631778551985561,-0.993083830167543,-0.1292224707209238,-0.05469226230766974,-0.5049934966298694,-0.05833744057669863,-0.05569596828182186,-0.7302146316359717,-0.11815589945434653,-0.05013099937286942,-0.8785525425151093,-0.16512942073130174,-0.03535195615358424,-1.0,-0.19205305375186188,-0.12801953350247416,-0.4533485914067887,-0.09444786828421146,-0.1629748787603236,-0.6221454994933572,-0.14506329168646728,-0.18308707906783667,-0.7226207746195167,-0.16862583153190874,-0.19340460616088034,-0.814775894570772,-0.18430161578859192,hola
0.0,0.0,0.0,0.12466583688476629,-0.10949091158455082,-0.040777094734517426,0.19406463693370854,-0.29480760557422564,-0.052706521828634785,0.24520325069005636,-0.4653553114252071,-0.06650417424916935,0.2973709391110279,-0.5960351497933962,-0.07965984218720183,0.1570467012055817,-0.5153834436903424,0.0011700299817801456,0.21739906661299782,-0.6980279730310731,-0.03895690520932144,0.25712444328159056,-0.811075150495458,-0.07345783279247876,0.29280672970028043,-0.9098733042752339,-0.09805380125795676,0.08517682868997117,-0.5404316314076717,-0.00882221346500279,0.13589281977211315,-0.7394620847632993,-0.0443685178267387,0.17139982170461593,-0.8745905463955475,-0.07463328097278288,0.20546748166062248,-1.0,-0.09657201659110864,0.00820442247204271,-0.5205091292632008,-0.0305071508522556,0.04075964751363705,-0.7178212057537479,-0.07086526352389355,0.06519982438642238,-0.8492583585505653,-0.09575509042598895,0.09612645101353592,-0.9689793080734398,-0.11196886209678569,-0.0754011967294259,-0.46408900225671557,-0.05750127566095858,-0.07161895473663528,-0.6279462216688547,-0.0936821031148739,-0.06194262755746077,-0.7329059195883285,-0.10718154890614746,-0.04513021260071154,-0.8447653368115795,-0.11639987608275275,hola
0.0,0.0,0.0,0.10655818602178768,-0.14726906956486208,-0.03792366096869514,0.16198152553011375,-0.3679038293548387,-0.035013389172557946,0.1610736104381053,-0.541199049952552,-0.03095694332019411,0.1231299654456456,-0.653603714185349,-0.028122384897063826,0.11824031121542482,-0.5160014598307164,-0.0052125098893691995,0.1237082295764439,-0.7203932774129078,-0.028996832966532406,0.12105665507605974,-0.8421541306948349,-0.054183933843395406,0.11854998333050101,-0.9483159807444049,-0.07538143347115962,0.03562699676659071,-0.5227657022559155,-0.012994620772315996,0.030703558083076014,-0.7425995684695506,-0.037035752782997804,0.021982791745607837,-0.8830413864814134,-0.06998696963888652,0.014181501293135727,-1.0,-0.0958435740663265,-0.04488012078503256,-0.4862171531512193,-0.029159401356637617,-0.06820873474732074,-0.6870444864294845,-0.06243675463654788,-0.07594896625430482,-0.8213286528957839,-0.10158324121299757,-0.08066128016490966,-0.9374636230494011,-0.1293727358684984,-0.12592167247073893,-0.4141155177865571,-0.04909893167486984,-0.16876069596955892,-0.5746512146286121,-0.08724336828000229,-0.1978557324574349,-0.6717116760677029,-0.11430899454545052,-0.219919618115019,-0.7697836788330333,-0.13369049562813493,hola
0.0,0.0,0.0,0.055287080944089725,-0.18933777459882384,-0.07478249182195927,0.06376555171694054,-0.41009612197250944,-0.09082561240192998,0.02997740979449215,-0.5852385528979243,-0.09929158354909914,-0.04162640540710864,-0.6850018943115679,-0.10774831033663128,0.00113417342537865,-0.5511222324838008,-0.02111396155893526,-0.045852619729355545,-0.7650996744584972,-0.04735624594523418,-0.07466045787365426,-0.887449213752687,-0.08240905127689811,-0.10098285197359257,-1.0,-0.11151828087237656,-0.08258900470948352,-0.5274192474271852,-0.0067921429781150474,-0.14007083518506075,-0.7375206433776342,-0.027247454507075518,-0.1749098395593338,-0.8632086256058185,-0.06530516091366256,-0.20474529889674042,-0.9676086875229154,-0.09758888573060413,-0.15524433788559072,-0.4700295476848801,-0.0031603706373433695,-0.2163329137491562,-0.649982114659558,-0.027209970528273335,-0.2556238110271132,-0.7634050589367035,-0.06150957657403984,-0.29067729050426233,-0.856282104782023,-0.08834422812872361,-0.2152437330169344,-0.3820170462714093,-0.007660961939287396,-0.27120761133345084,-0.5206691515942387,-0.03126579364799219,-0.30755258967959986,-0.5857842457339999,-0.04735026057620247,-0.3397851166852721,-0.6492115477471547,-0.06054264337284399,hola
0.0,0.0,0.0,0.07038341903625306,-0.223705064743413,-0.043206205344393095,0.07661472253221108,-0.4463590290068845,-0.04423025230122029,0.03543483774651567,-0.6296904713611536,-0.04701711455140493,-0.028334599091859838,-0.7559878587799845,-0.048138984943376525,-0.03594956986542339,-0.5713490349866092,0.02195641600537269,-0.07660229320162802,-0.7779350314615786,-0.0035955510319603994,-0.10739829433085572,-0.8965704928579767,-0.03390693491486058,-0.13537086450811392,-1.0,-0.05689622106207078,-0.12402525317732573,-0.5294800786355739,0.018654032472433787,-0.19783666843565414,-0.7438967835506556,-0.0012390609038904516,-0.24640950589941898,-0.8756022779280194,-0.03287322275602742,-0.28518576201767887,-0.9857656050862005,-0.05828678119264846,-0.1953595488850093,-0.4529208606272363,0.004120864544828523,-0.27983493520167435,-0.6397441557114969,-0.02077533071295111,-0.3277981435939847,-0.7588967167183424,-0.046912418814430215,-0.36323797937819513,-0.86174018749974,-0.06668308993794354,-0.25625294384831243,-0.3469637767711299,-0.01694893724812214,-0.3376714053599121,-0.464989872150689,-0.04396653182871041,-0.3890232504274514,-0.5501161871134443,-0.06008066981246354,-0.43146931572309827,-0.6366499100328553,-0.07117714376098944,hola
0.0,0.0,0.0,0.058355699169985197,-0.182216083654048,-0.03397166977181466,0.06814940445886375,-0.40230383296255456,-0.042397026994600406,0.054716883282509544,-0.5732382514300307,-0.054649143331194645,0.04854968595776966,-0.693258501984096,-0.06705430467430823,-0.0011291746550913225,-0.5579952285459212,0.0012201212171186364,-0.02135065975571617,-0.7607634722358763,-0.0386887625673408,-0.034242312642714316,-0.878050312378496,-0.07564065061669668,-0.043904465404267505,-0.9749709720102052,-0.10275589480543183,-0.07800446381784422,-0.5413134156086054,-0.015424482623995598,-0.11314185317680335,-0.7487580516780014,-0.054467466167590836,-0.14336126850529518,-0.8819695510016995,-0.09441593153190397,-0.16750755862661265,-1.0,-0.12227261986618519,-0.14679969408316376,-0.4810356393856392,-0.04184242439255079,-0.1984067547862437,-0.6843517402862421,-0.08922303158322925,-0.2332407136331867,-0.8223279212384442,-0.1261692759240198,-0.2558965080535103,-0.9403413463377573,-0.149718979663337,-0.211929822695087,-0.3793634719328168,-0.0719430783112807,-0.28987998321298214,-0.5163022310152061,-0.11755076857391664,-0.3422955322269211,-0.6032141677928056,-0.13837798595686063,-0.38523150631694886,-0.688971448184586,-0.15106714567297808,hola
0.0,0.0,0.0,-0.005038598709621008,-0.09351512372317505,-0.015419280721957996,-0.01830967510400645,-0.24956377224587392,-0.029888760790901678,-0.028819376967799137,-0.3830280860050882,-0.04795929770475366,-0.02594209941332652,-0.49227575407227975,-0.0655480695122379,-0.08308661402947852,-0.4375328942390312,-0.02368603293516527,-0.07916350685797592,-0.6545394470236704,-0.06031580240465131,-0.07326380272896972,-0.7841544892423978,-0.08360353115097935,-0.06768400295654801,-0.8947920327420638,-0.10170587946634992,-0.07849775508453954,-0.46985038060631334,-0.04784745954404938,-0.03375696589184194,-0.693667286978049,-0.08733648680059718,-0.008536588002343522,-0.8211161737445181,-0.10898099366986314,0.016688594157574784,-0.9348958752455883,-0.12147849244657577,-0.0670856310757506,-0.47928584760421844,-0.07703794763510376,-0.01692640554335938,-0.7108418030619057,-0.12546912964416798,0.01703390109400444,-0.8702775222840078,-0.14606880528385058,0.052103753984842044,-1.0,-0.15525841374301774,-0.049972099199536484,-0.4684980385364943,-0.10688786312798707,-0.06354716580474051,-0.6484537575760342,-0.14948503189936457,-0.06560879834867617,-0.7592686687342645,-0.15703162491496428,-0.055900088470639785,-0.8473886268025923,-0.15851503348717594,hola
0.0,0.0,0.0,0.12032483872920822,-0.1210892344943066,-0.02840562069308432,0.18439088881045054,-0.30962824740528794,-0.03539246084103027,0.21146164007300303,-0.45021309886739497,-0.04725348152116307,0.24255246123171242,-0.5582099466883361,-0.059374283644955915,0.13141158220518673,-0.508054709136302,0.011166255233255448,0.18648621617985386,-0.6628121445833093,-0.027308584123655298,0.22845817753874648,-0.7631307675406342,-0.06337688766418502,0.26340183535017503,-0.8524657664839415,-0.08796281094460552,0.061149812049683935,-0.5312697344364699,-0.006358980755806608,0.11134463314413508,-0.7389258069628809,-0.04140999718822081,0.15038013130381095,-0.8782318499670482,-0.07447942121748535,0.18751469484837677,-1.0,-0.09675564479787253,-0.012538332651913727,-0.5134207928332176,-0.03426221707445222,0.012595078693743678,-0.7239165944712452,-0.07749839587747392,0.04207782566503566,-0.8657476340851687,-0.11068953568803373,0.07615295699102206,-0.9818430868795047,-0.1296537219290631,-0.09172009517906114,-0.46098242278352425,-0.06579134650941434,-0.09041216247969339,-0.634298645432398,-0.09944278224278116,-0.07930738971140232,-0.7506931273305624,-0.1134273732942973,-0.06203255393868021,-0.8562760724983848,-0.12247251611410202,hola
