0.0,0.0,0.0,-0.2708883789626465,-0.015196426654946313,-0.06989778920190748,-0.46887340776828745,0.20689174321035966,-0.10622460774279645,-0.612326667868879,0.39024397366716873,-0.11717209056198931,-0.7533678981555775,0.39895356418244327,-0.12622598624110665,-0.3228203025924712,0.3401372712359011,-0.22442966285717575,-0.5038420906229626,0.6520693992905,-0.27699156158368243,-0.6171408713021931,0.8289107006878164,-0.28776584231876473,-0.7023819866729649,0.9764520912289361,-0.29089812723287345,-0.19356908863785202,0.49593158194841636,-0.19077597202263352,-0.42828888432989193,0.7869955909956727,-0.2231737737809786,-0.5731209165238735,0.9086505993661372,-0.20198069695449802,-0.6672603502818507,1.0,-0.1867028198035661,-0.09417958862434539,0.597602973504359,-0.14793766544825976,-0.3381284327847692,0.7583217310105812,-0.1616774971409626,-0.3943448806560867,0.6691702617440207,-0.12333958143770853,-0.3947354779925779,0.5725620337928754,-0.0944525641357067,-0.031293417449260674,0.6562988018517965,-0.11149355363009852,-0.249636963503607,0.7167034022853229,-0.11740130412163059,-0.29656778104938536,0.6400992336261232,-0.0961825487144128,-0.29337035855375315,0.5727613479477578,-0.0770144122123251,like
0.0,0.0,0.0,-0.2498842185022944,0.0049871681215856445,-0.07076375850344888,-0.4492503661846777,0.23160923950053644,-0.10357608615857897,-0.5843769653737961,0.41866623825228855,-0.11127051386570795,-0.7129322794705018,0.40902006376888644,-0.11390450011990931,-0.3004149636281674,0.3437936321546457,-0.2103627980565323,-0.4766025460967933,0.6391796367064343,-0.24988879871011543,-0.5850004042075956,0.7986659094054311,-0.2506274195812033,-0.6674851299561675,0.9296397893735878,-0.24755920989200475,-0.18299265712371357,0.4927735903088831,-0.17458956947919232,-0.40057931854709977,0.7630315843704569,-0.20208302936604158,-0.5377153090543871,0.8997356208286119,-0.18490540547641357,-0.6304936265368453,1.0,-0.1728930001569046,-0.094982276524582,0.589043165260618,-0.1299217292117576,-0.33083603832710123,0.7419483902261234,-0.1388817998384712,-0.39959962895112927,0.6501490772420162,-0.10930294561628309,-0.4082599479599848,0.550965097016674,-0.08656794364491469,-0.04091163199844346,0.6465317618107405,-0.09179075858600315,-0.2496985570473937,0.694492020668025,-0.09301911720857327,-0.3112597163969894,0.6216144188385403,-0.07956854212050397,-0.3226117839530955,0.5574413248143728,-0.06682586555714547,like
0.0,0.0,0.0,-0.2508566376349354,0.009623038445008817,-0.0672604997467087,-0.4521680191804839,0.23792832735822178,-0.09768443801140511,-0.5840529772727118,0.42648802142157777,-0.10410632709297342,-0.7094606274652887,0.41919558395185474,-0.10570745158573802,-0.3056732471468757,0.34970220098649124,-0.2032154901434848,-0.48231995577939163,0.6455218093280066,-0.24039191940451826,-0.5881880687715184,0.8011463058505532,-0.2386709361040839,-0.668147975055532,0.9307573735746335,-0.23388999278121128,-0.18811045039837493,0.5008182042415434,-0.17006821500275027,-0.40814214001233967,0.7723311680813572,-0.19806368592626541,-0.5450131903406121,0.9053810850310644,-0.18113665864163078,-0.6371423046780785,1.0,-0.16815458431793892,-0.09995825279402229,0.5990146702824803,-0.1278566589012697,-0.33489663296143474,0.7525292589153516,-0.13825934008311874,-0.40517098248052197,0.6641362120457429,-0.10933364225226531,-0.41910300217755064,0.570487526741101,-0.08651384695364296,-0.04499884187374579,0.6590097098125065,-0.091705920826383,-0.25355004984384083,0.7094151906535453,-0.0930158483085482,-0.3164031673215717,0.6359298592278748,-0.07743851639229678,-0.3305985838746463,0.5714362337050953,-0.06279739524921592,like
0.0,0.0,0.0,-0.25008945909453084,0.020921841037493755,-0.060963438102473295,-0.44978022030452214,0.24623096054870972,-0.09074784253664538,-0.582893989780193,0.4332089880319067,-0.09897177449729563,-0.7146561601362096,0.43360976477540486,-0.1023711561901139,-0.3105982274489811,0.357771967575253,-0.189421351602856,-0.4902099374910967,0.6558391058589061,-0.22545206691436792,-0.5963200106873798,0.8161204947548003,-0.22395347798248563,-0.6768684682081122,0.9495726752052106,-0.21939244864740015,-0.19615704177688595,0.5067389109914385,-0.1606936188234761,-0.4168033828828798,0.7715742960336053,-0.1853281081330291,-0.5539061759832492,0.9033470310826902,-0.16733122804025066,-0.646586479510289,1.0,-0.15437257765252643,-0.10712598771360275,0.6030613072546724,-0.12339468239839103,-0.34091446620013893,0.7566041259556787,-0.13098266669584915,-0.40779749323689246,0.6718524541781998,-0.09980024026189656,-0.41859903990795766,0.5803230206025146,-0.0762719925304088,-0.04954977367701075,0.6610791936208339,-0.09194507146877301,-0.2564292973252242,0.7145297246159393,-0.09024183420825926,-0.3195996867398107,0.6453705174177709,-0.07131019177677131,-0.3320626165950199,0.581679731670428,-0.05448071026805135,like
0.0,0.0,0.0,-0.25515856278975535,0.019209636510181156,-0.06346336168735392,-0.4473465875710151,0.23846872189540042,-0.09607952109435976,-0.5826941113560254,0.43368083964325105,-0.10701286565121226,-0.7217337276165202,0.43092631407341364,-0.112650855493561,-0.30604355221506946,0.36739939166383967,-0.1855393470965535,-0.4924147387411642,0.66246678182189,-0.22074167400096936,-0.598229919681092,0.8203145584320309,-0.21812774541637409,-0.6761044568589005,0.9524935660654896,-0.21270223649376088,-0.18950892396609742,0.5133219395729336,-0.15570189124793876,-0.4215198663053945,0.7745131298262965,-0.18233225185944074,-0.5620141994710797,0.903425535304366,-0.16565614089170055,-0.6587374843104672,1.0,-0.15289037432759575,-0.10126737263786073,0.6071560842579067,-0.11770770690239733,-0.34119284080404816,0.7639895162973278,-0.1277506990125621,-0.41414143122361613,0.6901584900708215,-0.09839310357065253,-0.4344655276739513,0.609113745603464,-0.07565514544559694,-0.04527041127461409,0.6629998285186071,-0.08541937459614847,-0.252423316193086,0.7242193622448031,-0.08452728873301363,-0.32029037515867104,0.6649760923821336,-0.0659156439034482,-0.3395859214791099,0.6113643120501362,-0.049059315758075275,like
0.0,0.0,0.0,-0.23270815525735275,0.035260418637428084,-0.07051687302001826,-0.3960526234937723,0.23301280465343868,-0.10846266632769247,-0.5232683252918182,0.4179311071935743,-0.12399696582327457,-0.6486461050962798,0.43642513661520294,-0.13320841587031412,-0.23894053159702583,0.3741692886889371,-0.183031973095081,-0.41496384794825747,0.6491066366674332,-0.226286244735618,-0.515904347851397,0.7987832781762692,-0.23595633644414163,-0.5918461332973705,0.9270325887533921,-0.2384334723776026,-0.13525462965208845,0.5028771903952001,-0.15160234071828857,-0.3559989896765251,0.7544687571048476,-0.18252875179963546,-0.4832353895227127,0.8912146164441465,-0.17513791136509288,-0.568268145800932,1.0,-0.17005431712316052,-0.06665968107541884,0.5886641318025833,-0.11396396092592234,-0.2906090044917998,0.7459110844192532,-0.12926301214679994,-0.37592409508295227,0.695520069183226,-0.11081088414489572,-0.40592785630638806,0.629291813048761,-0.095784232578102,-0.026437875617020136,0.6399933507520345,-0.08273395657448113,-0.21568401066078843,0.713159333898002,-0.08751047081457654,-0.2865783830232022,0.6707351267545234,-0.0760252168802495,-0.31168867289613233,0.6222040251882309,-0.06433601440515103,like
0.0,0.0,0.0,-0.22230629755084474,0.03541556546653622,-0.08756068619335795,-0.3794174548997967,0.23440700615293553,-0.13296643213178724,-0.4999476593385433,0.4185950861811607,-0.15353270760585794,-0.616640840965808,0.43206569851520527,-0.16654909507925142,-0.20303621069119399,0.3886265035016549,-0.19415878390109545,-0.3835061652129748,0.6657228116110973,-0.23817380696329554,-0.48220255965219955,0.8142746553593606,-0.24606923016015975,-0.5574606766549018,0.9403849558722991,-0.24699684318691034,-0.1011683598762951,0.5116183344813816,-0.15605171300082316,-0.316390898152827,0.7539271650617685,-0.19215901523389547,-0.44203368670818594,0.8906496962303092,-0.18416492827473283,-0.5322735103266186,1.0,-0.17655380452719316,-0.0399062003652215,0.5966143992390572,-0.11383782862263667,-0.268003895179102,0.7430028289804427,-0.13688215777044024,-0.35242776665628467,0.7142787909177968,-0.12430746530413535,-0.38947041589501885,0.67325922067986,-0.11102072175592959,-0.012608283782019884,0.649748570970706,-0.07928011892397671,-0.2079378167094654,0.7300976250263319,-0.0919828763883366,-0.2794907318258361,0.7026404248252404,-0.08621171266803992,-0.30852396749968014,0.6717478033076714,-0.07700639980012061,like
0.0,0.0,0.0,-0.21943885535072594,0.03539875775753426,-0.09330531850716485,-0.377363797773789,0.23456035589303637,-0.14181407016917535,-0.498955076216731,0.41522280095311825,-0.16530572576657396,-0.6123726494075741,0.426835405627779,-0.18222409541002307,-0.19819298992083598,0.3900289415856982,-0.19802482071577954,-0.3644180200662957,0.664643791007466,-0.25002156652919816,-0.4699259949622003,0.8170257279063188,-0.2672567126192324,-0.5481868814347716,0.9498796287984819,-0.2744004817528093,-0.10074465199614631,0.5176593577631728,-0.15582136948596467,-0.31491497862353934,0.756438619760839,-0.1969966264069442,-0.45022620841895206,0.8916066160899143,-0.18964945035843148,-0.5384437651476682,1.0,-0.18130454141700134,-0.036296721411880145,0.6023051514467066,-0.11053425686848975,-0.2560372744032398,0.7216529790130566,-0.13894195764405684,-0.3041928842780531,0.639951896887459,-0.118807083243928,-0.3010530900351959,0.5499986875666546,-0.09515605206018765,-0.00579123365817949,0.6508188449873634,-0.07370671389115854,-0.20004659948520206,0.7224368743865184,-0.08951138358571156,-0.2415658334389221,0.6528445291459041,-0.0783025698909719,-0.23587505764174846,0.577283042615845,-0.062107547480767446,like
0.0,0.0,0.0,-0.2249205114892748,0.021293105641974033,-0.10098752518628785,-0.3895550064459969,0.22590071281059676,-0.15584013311336034,-0.5111749890694003,0.41496356962486314,-0.18272534967142604,-0.6302344188143133,0.4286235970744659,-0.20348840797886358,-0.2008447709432108,0.39069152443117094,-0.22614523605928502,-0.3710058696411558,0.6707207652312082,-0.2909152357519394,-0.4794559254756174,0.8308339741875912,-0.3193138301908336,-0.5589166759476243,0.9717053619259535,-0.33521795602541754,-0.10333721205759988,0.5261523066291816,-0.1808009899170514,-0.3294798356460819,0.7676836943873725,-0.22722536603014667,-0.4689784127678658,0.8924914794199033,-0.2179703578656579,-0.5578921904128644,1.0,-0.20966405222328732,-0.04163839692469271,0.6146638910819856,-0.13202593587543945,-0.26835076666218316,0.7334338210435277,-0.15969431585646332,-0.3170885178635577,0.6460547888254405,-0.1293587518160378,-0.3137510083746735,0.5528474253521835,-0.10046589474399763,-0.013989184737544982,0.6623784786654192,-0.0930294516784593,-0.21696158080100889,0.737909170434405,-0.11043354000365348,-0.26273989072374615,0.6667259326040539,-0.09483930038838415,-0.26026757579292703,0.5913115695151441,-0.075686331602806,like
0.0,0.0,0.0,-0.2272196310460576,0.02914446871387213,-0.09605229647457994,-0.389905558560006,0.23447251183900095,-0.1515440747280964,-0.5132893766824876,0.42620537013141235,-0.18016396388224543,-0.637412746137147,0.4462851574987131,-0.20300358212143851,-0.20034625967070258,0.4012152825911153,-0.22525302486917567,-0.3778516067203638,0.6935154308688192,-0.2850066388668047,-0.4848510558982559,0.8570658384404353,-0.30618316432504095,-0.5645776290064458,1.0,-0.31807128914821164,-0.09735388266119563,0.5322070596755126,-0.18259612825237248,-0.3299350938485296,0.76415694655489,-0.22515939095643805,-0.4573577173718069,0.8414644452513221,-0.2084714477141635,-0.5318723575820881,0.9078259829702773,-0.19687875510930938,-0.03226735281709266,0.620399725156804,-0.13598525000009196,-0.263800031198778,0.7554673854188135,-0.1593557422526738,-0.31678951881396544,0.6777590458919327,-0.12421990355837272,-0.3192386562880068,0.5949971055951702,-0.09710757259211583,-0.004162063956158702,0.6717617990003698,-0.09862971345292819,-0.20898571570297295,0.7563806344441858,-0.11170568414745508,-0.2577940994225554,0.6878288356208541,-0.09357211471330537,-0.2559248450165631,0.6153477945570491,-0.07597689330386216,like
0.0,0.0,0.0,-0.22940970438518657,0.014916505994355898,-0.10199333375518156,-0.3922813911442315,0.2168592510557672,-0.1597458213962007,-0.5103935526482577,0.4124970812123476,-0.18955566029580107,-0.6370989585765656,0.4286821757143524,-0.21331106839235123,-0.2132593017592784,0.38711930669619926,-0.22921641794636047,-0.3792792762740925,0.68023530432114,-0.29269381568871994,-0.4854207390703911,0.844508009153318,-0.3149967516555225,-0.5656904016918961,0.9853847128913678,-0.32444743164965156,-0.10691869425115584,0.5217811609769766,-0.18383027067934646,-0.3275450160449927,0.7808640945753914,-0.2321132521458788,-0.4676111307550153,0.9043091313020795,-0.22063140867295514,-0.5595379308964514,1.0,-0.2077459827634609,-0.03650586092560594,0.6127022302873422,-0.1345098791114738,-0.264851125150943,0.7448946234263565,-0.1657767351101662,-0.3120504233076035,0.6574387388168736,-0.13571271150301165,-0.3088841224623226,0.5656463696953119,-0.1048133412939931,-0.004431220019881114,0.6650249181071579,-0.09424937314380395,-0.20874902429098477,0.7472626775456832,-0.10969627497580188,-0.25393118999806524,0.675430145906025,-0.09113239980984794,-0.25040362663535504,0.6026932904577326,-0.06912362030507448,like
0.0,0.0,0.0,-0.23023328740311802,0.01456734135805504,-0.10197360834061013,-0.39639691412732814,0.22284813397981107,-0.16030528974192904,-0.5236861721705415,0.4216872112475435,-0.19026809075203946,-0.6475170444504386,0.4355795511771998,-0.21440678295005935,-0.21578719384101058,0.40291373402020486,-0.232846641884062,-0.38917320297478974,0.6975834151617545,-0.2949949402293784,-0.4966449240025459,0.8573195799577725,-0.31717224171185693,-0.5750912514234159,0.9994871052138545,-0.327649940588139,-0.1133155326066881,0.5334703710248994,-0.1866711212493481,-0.3434607907880907,0.7782308053112514,-0.23254599302565154,-0.4821583037798751,0.8967516885001282,-0.21951359893643177,-0.5716900016077789,1.0,-0.207836626483931,-0.04589611090220319,0.6189663442693308,-0.13657254928263574,-0.2755962401888941,0.731208584742576,-0.1665295370422555,-0.3206675338929113,0.6287266257502415,-0.13729136808660763,-0.3169131706331859,0.527414957128108,-0.10809903038259576,-0.015620370161216384,0.6653241933533619,-0.09555501161941629,-0.21764012591168377,0.7353094177315435,-0.11288012786781682,-0.2593619907758663,0.6524593039247081,-0.09760745237076729,-0.252135289951647,0.5710243013801654,-0.07844685418396995,like
0.0,0.0,0.0,-0.2282334684416337,0.018546576652181887,-0.09842839625276927,-0.38841942767539595,0.22236737662101552,-0.15471811509006955,-0.509472785444015,0.4161863747851226,-0.18285846999690325,-0.634656658804738,0.43413429775878215,-0.20575354409003546,-0.21013328485234128,0.3969911484313748,-0.2351549188183444,-0.3781309603619193,0.6825278508690056,-0.30182863308457974,-0.4858077847703673,0.8419661423036154,-0.3300013109072854,-0.564100907557678,0.9832019855563437,-0.34489821845847046,-0.11059120297249082,0.5281544162883147,-0.19058186131804816,-0.34002814711167456,0.7766275085261075,-0.23805470844546822,-0.4782953953338127,0.8971721405277827,-0.22795407115849917,-0.564610931922623,1.0,-0.21883947556626543,-0.04566260151384062,0.6125804927854764,-0.1412339705658515,-0.2704921199450044,0.7318726270150588,-0.16960589187405914,-0.3178786103053491,0.6348241779468841,-0.1375208933593306,-0.31252546469517845,0.5333293293228298,-0.10720062865636054,-0.01415958795485424,0.6561338464959768,-0.10089971955659736,-0.21209384318455188,0.7325131604791177,-0.11733653099529787,-0.25422328418680984,0.6546862343742137,-0.09945883376666832,-0.24770919196362626,0.5758376362919183,-0.07862175343701922,like
0.0,0.0,0.0,-0.2306717032257474,0.03331184273590562,-0.0867800433642052,-0.3948531108947521,0.24313025590593657,-0.13856088250773732,-0.5192323410387805,0.43189758270011264,-0.16497431294326192,-0.6421596481121731,0.43273748145455165,-0.18704015778528968,-0.21262973640452715,0.4115791600489358,-0.21798998960937715,-0.3859908549443522,0.7036680918899586,-0.2738271960453098,-0.48951025631133727,0.8618054325004528,-0.29186188853905387,-0.5655428348364764,1.0,-0.3014243393760429,-0.10807460157936274,0.5369431216247937,-0.17848740812219732,-0.33674741769548,0.7683196990095799,-0.2182028249885674,-0.4556798929742093,0.8341152554253406,-0.19993398497080825,-0.5226023980106594,0.8909602831527883,-0.18644754529803204,-0.04051882138240338,0.6207718175879834,-0.13382836034637607,-0.2685116104805241,0.7387342735578687,-0.15531018498963978,-0.3153945693303892,0.6456042465071785,-0.12160090038133206,-0.3132014821973504,0.5539536051566972,-0.0946480867368515,-0.00912740110020525,0.6690547166739356,-0.09730453422666907,-0.21031175969414478,0.7386545011576806,-0.10736184366707877,-0.25394464710847936,0.6603572365009733,-0.0894195514790853,-0.2480637211470748,0.5837531737318641,-0.07194305123486405,like
0.0,0.0,0.0,-0.23436059785775584,0.022358746437539066,-0.09734628392776146,-0.3984466875735006,0.22196515409961118,-0.15381377282983483,-0.5230093259664996,0.41522402449489865,-0.18424890334635194,-0.6490942873488934,0.4299837371671946,-0.20894191423503364,-0.21756306482884297,0.40502598345111085,-0.2208962303087514,-0.39016264157140285,0.6975619656308601,-0.28325847878444194,-0.4984088115948171,0.855377991672582,-0.30583340220477523,-0.577253090997701,0.9939845397141556,-0.31558015543217943,-0.114553646158899,0.5321134663671904,-0.17886937213442658,-0.3462616011738905,0.784046664265206,-0.22666706110377616,-0.485576668397131,0.9029318788604362,-0.216811774491213,-0.5741319646773391,1.0,-0.2055565624055974,-0.04679040810704864,0.6149678319048174,-0.13286536031010224,-0.2778408308347548,0.7314589800502188,-0.16433467224196258,-0.32204679934736774,0.633460513630055,-0.13463220932665113,-0.3158545403498363,0.5345591818788604,-0.10369705960727771,-0.015406319196499518,0.6602415454458771,-0.09560075877268184,-0.21848513301619926,0.7344470107112209,-0.11065356331673981,-0.2604334415756407,0.6544171204720989,-0.09078840502891945,-0.25226891679998303,0.5741743433947472,-0.06759722615067086,like
0.0,0.0,0.0,-0.2335813455480282,0.022209154699566972,-0.09291534272315534,-0.39865949606481726,0.23233777248638227,-0.14787695271401538,-0.5240150848671942,0.4298011731796487,-0.17641676104506593,-0.6503808092674344,0.44729778850104834,-0.20012473900909614,-0.220001145786141,0.4081649115505779,-0.22919556406730734,-0.38855583534394655,0.7002017637204598,-0.2915544809174754,-0.4942562530949396,0.8585642246056915,-0.3151095021935387,-0.5717416871239978,1.0,-0.32730837938897034,-0.11738019291351026,0.5380466848587654,-0.18825492550225303,-0.3485702037655537,0.7825011457861409,-0.23185795291288172,-0.4858646866077355,0.892237825693003,-0.2184927526768761,-0.5716590456523343,0.988456863127285,-0.20846695931874815,-0.04847564348403274,0.6219244861083307,-0.14239843636878344,-0.2748312928682056,0.7466581237554392,-0.16804767608370658,-0.3207720491397385,0.6527566692655379,-0.13564423490599645,-0.3155919763362237,0.5546648641387376,-0.10739841496760551,-0.015161911434682289,0.6652230200288686,-0.10510830372757517,-0.21458335528325942,0.7415020861209739,-0.11797718183831869,-0.25621358507264547,0.6646570411850853,-0.09907251305611815,-0.2483735104780167,0.586327412999273,-0.07935386384743494,like
0.0,0.0,0.0,-0.23228813721549035,0.02783361090373093,-0.08839070738728393,-0.3966665808541775,0.2343420261384842,-0.13829595059638058,-0.5209418778809067,0.4315642098551023,-0.1640148199706293,-0.649795271203771,0.45412959402111386,-0.18460145271165843,-0.2209193025952997,0.4184226872379006,-0.20550506564848525,-0.39093694696326103,0.7076645735020275,-0.26076209963221125,-0.49652360404533274,0.8626696529412891,-0.27884279109604687,-0.5743462903590989,1.0,-0.28667703816736567,-0.11686703882883115,0.5425035859719024,-0.16714387131026126,-0.3462114776184526,0.7835812324125653,-0.20744727456757134,-0.4798287842812643,0.8873295219386229,-0.1945977619495049,-0.562830254315213,0.9734076997566226,-0.18374248207207156,-0.04706088924182025,0.6226220864184573,-0.12474294059130443,-0.2706133150618741,0.7512599583743418,-0.1507147092725183,-0.32137701321050266,0.6676244660647911,-0.12160404969462332,-0.32195261698387584,0.5784553883972273,-0.09479309262793184,-0.013388728595559798,0.6665580808630888,-0.09036773637408266,-0.20910160264724928,0.7488420264685323,-0.10213125687435627,-0.2541594303634951,0.6776744287363583,-0.08233761610787911,-0.24889615434630355,0.6037479594780224,-0.06151599432279451,like
0.0,0.0,0.0,-0.22680440586449419,0.03198506963744737,-0.09352165704075241,-0.38976639378179595,0.2366617554775181,-0.1503085000008636,-0.511699860093015,0.435171651599677,-0.1816568873724825,-0.6410783068583095,0.44978759812875224,-0.20798395513842144,-0.20823919858776704,0.4177888440633368,-0.21746420916050288,-0.3806519131156119,0.7028533987231778,-0.27980665496528084,-0.4869577626872567,0.8602471277363154,-0.30286422372464405,-0.5654998628299006,1.0,-0.31533792600101607,-0.10505828588855272,0.5417019909539414,-0.17812679368628206,-0.3373713256496356,0.7747429119550421,-0.2249912554549227,-0.4575580724766404,0.8468885194817382,-0.21181423059944005,-0.5241911362701853,0.9121058966200114,-0.20053763067802774,-0.03844802947495456,0.6205897858126367,-0.13499475964594168,-0.26696624703259697,0.7432915350083508,-0.16367137445731486,-0.31475455023520926,0.6492035988742277,-0.13014631794388556,-0.31171139411087384,0.5591649501398093,-0.10108452313992802,-0.006662361502185273,0.6635328240553998,-0.10051704701762573,-0.20527651993267262,0.7431087501490625,-0.11437842563577219,-0.24882851522001628,0.6657203776120152,-0.09467536428261686,-0.24049893424371704,0.5915677206499973,-0.07464912541017463,like
0.0,0.0,0.0,-0.21494995656903176,0.027799262847349928,-0.09423510306976063,-0.3670309651065428,0.2227947632425326,-0.1491799340020005,-0.4856540077784473,0.4066688056092465,-0.17820610213853808,-0.6097131991016441,0.42027310644891186,-0.20249661227634336,-0.19629952499823927,0.3923533324464547,-0.21832197674433357,-0.3569477811079201,0.6624191440577828,-0.2821028577278298,-0.4597822973808387,0.8125610185540226,-0.3086865425520322,-0.5325156312358653,0.9453082816204837,-0.3212820906821529,-0.10026997628903896,0.5149294540218642,-0.17679625856827771,-0.3233783815508377,0.758576403289798,-0.22505776777486045,-0.45925267433034145,0.8883312335177519,-0.21881084902598533,-0.5443867625538974,1.0,-0.20997577714968926,-0.037153432611570635,0.5945579040449491,-0.13079635834212366,-0.2527785646651903,0.7042042742333064,-0.16190778029549993,-0.29612846176118446,0.6088267378256345,-0.13438610393838,-0.29144104735149345,0.5125026410723927,-0.10445392080837662,-0.007333338550266455,0.6346849885357895,-0.09313219123853884,-0.198436798159466,0.7010550203851662,-0.10820770634547293,-0.23732402632464453,0.6210396826017889,-0.0890165298748847,-0.23118766090978096,0.540531970670402,-0.06593816436611634,like
0.0,0.0,0.0,-0.2271874058417065,0.0365728282607982,-0.08813706936643882,-0.3864826800745368,0.24327756507912465,-0.14093898859483406,-0.5136996965157328,0.4309538350926883,-0.16793366348117778,-0.6343932801165962,0.44090962721522875,-0.1901309682340528,-0.19986797117988325,0.4076401197295327,-0.2228659978982829,-0.3744255429937129,0.7044839418566139,-0.2811514645545051,-0.4809109143499596,0.8616580440557615,-0.3017104556293959,-0.5560243268464127,1.0,-0.31233049540705965,-0.09781053831809845,0.5333047736771847,-0.18222725810069457,-0.33066523738372317,0.7744322386945853,-0.22237751239106243,-0.45851639520366794,0.8675681376948132,-0.2053269791889995,-0.5321717050732285,0.9492368363658465,-0.19313661878802452,-0.03244782147571297,0.616960080296405,-0.13647505258233195,-0.2569172928176257,0.7376361120600299,-0.15718794726708307,-0.30390843661560274,0.6461383845354013,-0.12322638140267621,-0.2999540726925591,0.5496162810842224,-0.09574454145983019,-0.002504062112701647,0.6639346473592124,-0.099086927261564,-0.1995097836866074,0.7377671007712733,-0.10940253204749496,-0.2402869270340873,0.6604190793671327,-0.09086813727222186,-0.23169270243362725,0.5810509715104428,-0.07233594155526019,like
0.0,0.0,0.0,-0.22083789567304635,0.029390019617657376,-0.09503257884654417,-0.377327680711412,0.23552967836271463,-0.14968824886263782,-0.5015094849872803,0.4272089388619048,-0.17767478427268688,-0.627819897061353,0.4454495844922725,-0.20047664012437363,-0.2053038348825119,0.41040274769833796,-0.2208589835550401,-0.3660608395866835,0.6949765695013359,-0.28283677516640204,-0.4696562053144844,0.849701120358959,-0.3079948313950809,-0.5436291988450785,0.9862295598306279,-0.32066736528709305,-0.10307257242381498,0.5330858778361134,-0.17817188164035805,-0.3275984198733743,0.7803893777436564,-0.2232627234311639,-0.46171136065347873,0.8973843876492986,-0.21283979413637658,-0.5433532801568638,1.0,-0.20297443035452856,-0.035212065294947394,0.6119218172295247,-0.13130626549779167,-0.25434152408447436,0.7292808461764608,-0.15873204861473053,-0.29830037315178853,0.6325834476540296,-0.12738341978539058,-0.2918167680466151,0.534511619081181,-0.09751096602274714,-0.0022867366370643025,0.6519894060132202,-0.09321154575856871,-0.1963282483616723,0.7251520699226363,-0.10678201547221675,-0.23405230321108036,0.6446157614436065,-0.08718689750648939,-0.2233666662471412,0.5652473473887282,-0.0654705991590003,like
0.0,0.0,0.0,-0.2329896900506597,0.045047328918983214,-0.08401556485933816,-0.386984490329358,0.2613424575240566,-0.12911403205940636,-0.5061764995897954,0.45965464712480925,-0.14950992300063792,-0.6295919400089233,0.48292191924323197,-0.1645894564771388,-0.2000587726666096,0.44123302841622636,-0.19567642619294398,-0.37722516862971495,0.7318788345829305,-0.23827540248764303,-0.481835633744102,0.8775728906356528,-0.2452421886088325,-0.560788217609866,1.0,-0.2495160207461562,-0.09363859105711721,0.5586254095130362,-0.1511335545266087,-0.3271688204169605,0.7279199780529976,-0.1911156461110853,-0.4088836545273665,0.6530873385907642,-0.16775173143819294,-0.4293327024329476,0.5816378699041316,-0.1476981827374236,-0.033860020170154354,0.6338150457375661,-0.10210114144978802,-0.25602525597513975,0.7287091459186028,-0.12140915025071823,-0.3092935987584193,0.6365470309877745,-0.0921498770401523,-0.3101026178569325,0.5509420060874944,-0.07174228078689353,-0.009566992541468738,0.6787208125858119,-0.06011456348667422,-0.20302897271171422,0.7337633999890004,-0.07166210804374278,-0.2500174918650624,0.6589753444432982,-0.0636667392387512,-0.24586630617695518,0.5907398229074766,-0.05542599109297025,like
0.0,0.0,0.0,-0.22598005872050544,0.019201208310347228,-0.09433580514690207,-0.37825513961951707,0.22786820116703776,-0.14218779500581596,-0.48551347676242645,0.42760109501549926,-0.1612691532932112,-0.6020064782220901,0.47018149544788485,-0.17456019888871646,-0.19703977827479924,0.4031210903274366,-0.2107415946207521,-0.36497481584073693,0.6960597904423382,-0.2683445106713491,-0.46769096215240047,0.8620392631550094,-0.29107470305520067,-0.5448880425731542,1.0,-0.30674076397039995,-0.09091533478533052,0.5186122074253494,-0.1625258407925614,-0.32590258596435623,0.6636891587605493,-0.2180594659063367,-0.3836237275202196,0.5459979918204648,-0.19838807294996183,-0.3744549103203226,0.44519582270931585,-0.17693709471070115,-0.03257195372806527,0.5912242491302037,-0.11136441304118373,-0.25568939568414684,0.6653964579292059,-0.13400303185537482,-0.29245067531101737,0.5544122451692949,-0.0953680433754697,-0.2723042930744901,0.4664729480195298,-0.06815929202584009,-0.006171670679980177,0.629086656381074,-0.06917398054062214,-0.19807600395586794,0.6666541693669761,-0.08264523437527152,-0.2285430553503303,0.5823062180787197,-0.07155539055266051,-0.20611628348790603,0.5195035064377371,-0.06092459604575932,like
0.0,0.0,0.0,-0.20340911573805248,0.041048232409673896,-0.1022448081935385,-0.33941786347778935,0.2264159625724923,-0.16525006721588656,-0.44788930653041414,0.4208548710781,-0.20276602810000946,-0.5665263885513989,0.4892904412470627,-0.234229101971798,-0.15339597294106663,0.42929870432546996,-0.20563710437921412,-0.321705875459253,0.7213164249208618,-0.2704216378231632,-0.43005251159843555,0.8741674849188887,-0.2973177759595874,-0.5088761882313371,1.0,-0.31374056153071644,-0.04761598932156021,0.528875089135972,-0.16059725430972613,-0.27445338213493314,0.6869832679283311,-0.22905876039811854,-0.34138464828617265,0.5690417278838508,-0.21927497016775213,-0.34173887480443055,0.46773195050363064,-0.2026099160042001,0.009935226205081926,0.5863107672281543,-0.11407130812765899,-0.20996561685403153,0.6934156242365095,-0.15592372991146428,-0.2582940318459572,0.589131999367027,-0.12107900320218891,-0.25085295759279574,0.49812094418912917,-0.09170955909615401,0.03047142583787814,0.6194908672458326,-0.07616093401645305,-0.1601971220916182,0.6877595867931112,-0.10629104956878488,-0.20855334552049118,0.6067781078742238,-0.09528241562845517,-0.2021398592230985,0.5365929235473237,-0.08010018325817657,like
0.0,0.0,0.0,0.14448419709680244,-0.2633327001337449,-0.06618659024029803,0.3711177312568252,-0.5155315871582485,-0.1674407179544005,0.48215382034820053,-0.7582771199609182,-0.25412025023183005,0.518282333712158,-1.0,-0.3282391446305645,0.2944500796845932,-0.33134162109787535,-0.366975886329772,0.7003156851010198,-0.17865484831520276,-0.47389747444844843,0.5942369110784871,-0.20207460147558048,-0.466697454041772,0.459113600450802,-0.25382504405503853,-0.43853928413416055,0.2273515361145031,-0.034169974860752454,-0.3793663719487659,0.6819776968166937,0.08098107416029715,-0.4777808785062465,0.5730255622609438,0.02581502545906809,-0.4266371770481933,0.41806023718509994,-0.01784830534726424,-0.3825737565375124,0.19592467462849122,0.2287323685639014,-0.3808388508594513,0.6284447619675205,0.3178782390043088,-0.43574317330658285,0.5196205556297402,0.2467913110072183,-0.3380507026938395,0.37171253949687105,0.2064858060550242,-0.27096025125989365,0.18476767211418,0.44707491743122457,-0.38450325997311935,0.5248424231614232,0.513900985491742,-0.39901772600711466,0.4556792495599327,0.4430488502209854,-0.32545412123728595,0.3284146350654337,0.4067926018841005,-0.2789396289219649,like
0.0,0.0,0.0,0.19624995334121256,-0.26270227486593717,-0.054889354486268305,0.44533013077040307,-0.5131117895052477,-0.14221419456262993,0.5926263030175295,-0.7451314519822818,-0.21953444325963817,0.6276468937208718,-1.0,-0.2800261949140402,0.40905403201009355,-0.30074986084854444,-0.28638411204927106,0.8138122590627863,-0.1245976259596501,-0.3999812715241602,0.7054556032099596,-0.1519424594553182,-0.4179705541295786,0.5610740326988907,-0.21687499342652442,-0.40741589818065027,0.3405187178557044,0.008250098524798655,-0.3081408468456727,0.7749003770442477,0.1652197458751054,-0.39227442564375475,0.666428028021257,0.10185680320179302,-0.3531304097131558,0.508738443314368,0.0383583695965773,-0.32258063308758944,0.29436559825433234,0.27905275134238106,-0.32379832432623434,0.7143214946155244,0.41212402555313604,-0.36685959035597676,0.6098763402930027,0.3425004531831398,-0.26869527594524784,0.46169029990103183,0.28817848837077414,-0.20544495882016334,0.2618067354872611,0.5056356597284448,-0.343104493205679,0.5873483434738431,0.599320936772342,-0.34464276382582115,0.5099300210990522,0.5427251165335439,-0.2619796328469229,0.38524351143825997,0.5008002626503057,-0.20988122992823788,like
0.0,0.0,0.0,0.27051050497485063,-0.29392933198985194,-0.03309317776711326,0.5576070756302629,-0.529835644622331,-0.10291873497342717,0.721381015006061,-0.7481993179082779,-0.16862926360420244,0.7637825102069339,-1.0,-0.21831369066244555,0.5602082582757512,-0.3221157376610719,-0.22464208119602716,0.9805203097472531,-0.10628067490772897,-0.3197737441289268,0.856346409736981,-0.1384740518087361,-0.3315555144017958,0.7116806861488693,-0.21556092536550395,-0.3173550685032292,0.4878797034320149,-0.0096706108999868,-0.24995848322572056,0.9170978821217847,0.17333730721282817,-0.3231599492254703,0.7994647322142872,0.11695975822503686,-0.29003156032852984,0.6430291901404432,0.042243645471661664,-0.2591702693244785,0.42829842944903124,0.26890659667585265,-0.26916511282820843,0.8329872339839054,0.4153041449874528,-0.2972907904999228,0.7276276004020107,0.3488018171884788,-0.2045393367426793,0.5807127873570335,0.2807332669058029,-0.14205750668933986,0.37531583405062,0.5081070802602345,-0.29042290060193937,0.7054194571218331,0.6105358341496798,-0.27455889514244913,0.6285121833933902,0.5376964749980457,-0.18722849207865694,0.4985527570188754,0.47561738517724284,-0.1302237030729229,like
0.0,0.0,0.0,0.21002772899851216,-0.27547396153224163,-0.03875780348010738,0.48230836588232145,-0.5203132868091429,-0.12028744612537579,0.6441525574043787,-0.7510343772102049,-0.19664839556831556,0.6840289239568415,-1.0,-0.258724301969804,0.504649157886487,-0.28593497662491013,-0.2546673084439228,0.8871910895750198,-0.07278203708347669,-0.35022222316749535,0.7698706773323767,-0.09118934526162216,-0.358011187476656,0.6309519591425364,-0.1720638457625887,-0.34316477156367786,0.43103980941588665,-0.000619161449785467,-0.28132113003129244,0.825730378351645,0.1928494362024144,-0.34516538543676545,0.7087522289124705,0.13622821102215263,-0.3018665759422937,0.5689954110765593,0.05969905199761008,-0.27250521866085886,0.3680901069232806,0.2636426260187633,-0.3009936524309439,0.7565184088418032,0.4283820900940197,-0.32870705027454017,0.6409298294619525,0.3536289746405051,-0.2278550739659799,0.49632252578949165,0.2809647622674932,-0.16550463546027222,0.31124592439143905,0.49653511795110233,-0.3228639652893957,0.6329606906516457,0.6087820870056161,-0.3125287867759691,0.5482311856201393,0.5369386284505638,-0.22331186841675332,0.4240930167917135,0.4716121244377017,-0.1671709058523292,like
0.0,0.0,0.0,0.2095977328508894,-0.2858067356595228,-0.049393446713546486,0.4623500417499557,-0.5194449533159586,-0.13058178645697402,0.601845904708889,-0.7461357759166013,-0.20372409054846968,0.6244036335112978,-1.0,-0.2637491784764067,0.4421226183547987,-0.29251142430606514,-0.27067347189003493,0.8326886465423445,-0.11973725361200374,-0.37444278440743073,0.7296242503985223,-0.17172925786290832,-0.3883239868061555,0.595108423369854,-0.23459224209913718,-0.3759436826640538,0.3705867766503884,0.014594367551428355,-0.2907325797061327,0.7897488423875914,0.1496543103666405,-0.3809130407268559,0.6955425216973254,0.06318544571240606,-0.34871474108868883,0.5528912729941045,0.013851876217707042,-0.3158883449954725,0.318657321424053,0.27586629892968295,-0.3030117224403753,0.719854254700033,0.3827354570987576,-0.3483992126354614,0.6355367526125351,0.28836456567394547,-0.25835900616295315,0.49905559069861594,0.24139328458287998,-0.1927452438593677,0.2775045165861188,0.4883690190025556,-0.3178008978154923,0.6044160825890034,0.5718241947319147,-0.30711908308408364,0.5500180663444751,0.4797684269122745,-0.2188988963479181,0.42690316540573364,0.4292282077882645,-0.15994707326651833,like
0.0,0.0,0.0,-0.18383569245874345,0.0497082368398273,-0.1089803825454857,-0.2804012351168772,0.2711900332139245,-0.15397851159421092,-0.35228044837019357,0.4716415813195687,-0.17022639310967183,-0.46012105710636875,0.5449674560457999,-0.1791495226178899,-0.09981934518409953,0.47301798484799973,-0.1734819187339596,-0.2263900697361977,0.7525992474988764,-0.20591798474559692,-0.30814274754215776,0.8937797706922986,-0.20769664835648768,-0.3731971574287845,1.0,-0.20652875825295652,-0.009103888080576673,0.5366278083908737,-0.11418282399423416,-0.20086627749101468,0.7065619141465705,-0.14655374577253685,-0.3066207885253658,0.6668039216383796,-0.13510791694519828,-0.36827643329171217,0.6292446767008055,-0.12236440053804132,0.031266267530394715,0.5647336542075911,-0.0548558354424253,-0.15467745970988508,0.6958293461208721,-0.08012271002221165,-0.2456938105418933,0.6538302141177559,-0.0751638136989255,-0.30193514687764206,0.6165884639419628,-0.06950737289821023,0.04000641511358071,0.5766220691765057,-0.0025931771360093586,-0.12062785107924504,0.6656839447849633,-0.02404215450865275,-0.20337244062462573,0.6320784137949843,-0.030464382817920518,-0.2473014427483722,0.5985813824154741,-0.02995390567606113,like
0.0,0.0,0.0,-0.19103813399465258,0.06337619832061163,-0.08921161003582131,-0.2899312737275041,0.28601185923811867,-0.12853720027468835,-0.3666188018570098,0.48475465199269197,-0.14488175504828565,-0.4705704817885213,0.5502558482214812,-0.15536725306788038,-0.10787461749010091,0.46016039946907344,-0.15688424629859649,-0.23653593046166005,0.7425385064124264,-0.19117862764911223,-0.32332439158796766,0.8881143682212111,-0.19703229887805565,-0.3899814481047502,1.0,-0.1996638297308938,-0.014952492879730344,0.5307380448316428,-0.11091186305090799,-0.20938451687418033,0.7003432937350141,-0.15364329787075143,-0.28840695911859854,0.6263015905776689,-0.14316834153479038,-0.31404139782468093,0.5549118777635909,-0.12761389007813337,0.027447057811510512,0.5677428958043476,-0.0634611302378341,-0.16033546664959936,0.6927302347743959,-0.09318878818069638,-0.2265122113982445,0.6188940439872805,-0.07759343609249987,-0.24919784118062746,0.5536277190387541,-0.06162772594156865,0.03795989631607333,0.5861063068516943,-0.022427899639889993,-0.12331887211288149,0.6715278171268725,-0.04300390136223045,-0.18853235102334884,0.6151278830082666,-0.04041959706857794,-0.20857714684827697,0.558361843281551,-0.03229058049444566,like
0.0,0.0,0.0,-0.19489349563978217,0.054411659835841224,-0.08737047295008823,-0.2950173884971681,0.27807303553479135,-0.12525197351540301,-0.3681183169390564,0.48663853851996713,-0.140041137802303,-0.47331924262908515,0.5566559048247198,-0.14930536158706856,-0.11676258228577735,0.46090835627289334,-0.1574246879111494,-0.2404278934397149,0.7444010755332172,-0.1895228357913447,-0.32431966191778566,0.888530752621738,-0.1942455852067225,-0.38752957879091576,1.0,-0.19708786030804568,-0.021602097094480213,0.5356109853047744,-0.11098244463374984,-0.21283769088806057,0.68895258605257,-0.14828950377476136,-0.2941323549733055,0.6153270289119828,-0.13543410333925737,-0.3217130887610803,0.5483461768238392,-0.12090682804707945,0.022533882639997893,0.5726223120176663,-0.06290410714599637,-0.161180553644542,0.6821312293739993,-0.08902011840406071,-0.22824810410195728,0.6091803216598269,-0.07373611873605924,-0.251778278241402,0.5469992451619795,-0.060396576889597035,0.033860003734243756,0.5919377026352458,-0.02105816737414031,-0.1250083961304713,0.6669439239090135,-0.03997945768259417,-0.1873078321768126,0.6085361498171493,-0.03800445061430988,-0.20466348457020542,0.5513016147497302,-0.03182130156679355,like
0.0,0.0,0.0,-0.17817277062227824,0.06236972399628536,-0.0794929501445951,-0.2686079302997123,0.27505948444561434,-0.11352633047399455,-0.33829529139372666,0.47570693139583015,-0.12606727331163836,-0.43659893807888817,0.5556556715066053,-0.13258111940152942,-0.0979640293539838,0.467011728843177,-0.14374225666128174,-0.21464843583597423,0.7466372449160961,-0.17276434420029294,-0.2926267490953576,0.888324067793025,-0.1765894459753223,-0.35196048217435,1.0,-0.17837473217196367,-0.006408955086195525,0.5347269003660875,-0.10035875914040013,-0.18938572449689775,0.6817247977352577,-0.12906554937176004,-0.2726184114311198,0.6263348562252357,-0.11490562192530338,-0.30884582695204316,0.577633554662379,-0.10221535285789081,0.036775327564735144,0.5619620950628865,-0.05547811123954959,-0.1381008634094936,0.6674547003068013,-0.0779870366606413,-0.20444875200913323,0.6087179416369379,-0.06321882861065291,-0.2329727886020193,0.5577439067920822,-0.05171486072858121,0.04859230672733165,0.5739353687066132,-0.016070561151134508,-0.1034560764033232,0.650169764597596,-0.033688483335725924,-0.1656739127177583,0.601500485776174,-0.030039699436055233,-0.18537612472534623,0.5527609919528907,-0.022875919308604723,like
0.0,0.0,0.0,0.21056591948681214,-0.27757008776110415,-0.06920936674672962,0.5059952666392891,-0.4920961274535147,-0.17117365020337882,0.6791641145967263,-0.7220070569202091,-0.25586268955872427,0.7025049154390957,-1.0,-0.32882532499716066,0.45291597460700755,-0.22811046434842014,-0.37609989491176105,0.8797959819036888,0.01704109191944482,-0.47049743444918485,0.7636146205443568,-0.03521213091311689,-0.45195978350642974,0.6185084201940168,-0.12268651520484326,-0.41890809785341626,0.3611604341976845,0.10968681840542682,-0.3841427814264692,0.8239777252551186,0.30047922850239006,-0.4498358837373634,0.7110426194363088,0.20769962417124985,-0.3847389103474476,0.5539908127739783,0.13906363622612578,-0.3431864330541913,0.2928217769811833,0.3914375974593462,-0.37897792993718543,0.7560865315952844,0.5535092589059809,-0.4132272917597844,0.6456777210333383,0.4526624420267164,-0.30859597057509414,0.4847899641735662,0.38394224423969686,-0.2477966340493123,0.2441523263476792,0.6105477680892561,-0.3754601936061021,0.595426344495916,0.7299749334618079,-0.38339581416603663,0.522590249583974,0.6411938291569692,-0.30462600143021235,0.39764767821274655,0.578198997564236,-0.2590618733779725,like
0.0,0.0,0.0,0.23046274827018046,-0.285860635488934,-0.06981856247199708,0.5348530773667677,-0.4986575083704652,-0.17030368464516976,0.7231856715100847,-0.7196564030324408,-0.2598414936400016,0.7771718972977817,-1.0,-0.33525323779905997,0.49049891879097623,-0.20947028800834633,-0.31394810590534705,0.9333805189343715,0.022930133904462947,-0.4158833666479228,0.802628912057836,-0.036100201994204446,-0.4184761139299632,0.6462123214166711,-0.1167324277681134,-0.3996488580407636,0.3929708774453593,0.12542001695924038,-0.3312415903858037,0.8677955974915031,0.3309000576798013,-0.4164728898358923,0.7421060251263325,0.241008500302187,-0.3810407451813851,0.567373684682221,0.1620880547659372,-0.34847357463990736,0.31571533294573734,0.40648472634266397,-0.3397005860219016,0.7725370609958153,0.5856779444849147,-0.38603246089120286,0.659623679511721,0.49849825696696165,-0.29900257425154536,0.4970732671356119,0.42614641477522114,-0.24019688222032012,0.25890601409593234,0.6310468998830318,-0.35110782954786096,0.5982013553604298,0.7753261436571751,-0.3615668033529584,0.5226596592985125,0.7084557209860258,-0.2866869313056012,0.39707372673562197,0.653064727767424,-0.23818175161348726,like
0.0,0.0,0.0,0.23679059865926508,-0.2841892331252888,-0.06398832930930654,0.5450087217216888,-0.4853758871008632,-0.17298161506145682,0.7453785928891595,-0.712035639509219,-0.2705164971421936,0.823869282069779,-1.0,-0.35634056947853604,0.4826789899383604,-0.1687760681435721,-0.36059320479858925,0.9817556336747129,0.05667400946160821,-0.46037449492133253,0.8437902278749542,0.01052181583866581,-0.4517231213252606,0.6785703729638403,-0.06333202689736195,-0.4259313538423478,0.3888571024179318,0.17290227514502762,-0.37992811674872967,0.9058996037197621,0.36746671652109636,-0.46127102759540833,0.7756262301904937,0.2853832883690272,-0.41824091356541543,0.5960587285822799,0.20230573533401466,-0.38726480404202585,0.3108861841151964,0.4589593672780803,-0.38456012713741883,0.7918955633001871,0.6179782570926617,-0.42255638757458863,0.6762569960607471,0.5473583840628589,-0.3279574269721639,0.5118596911796829,0.4824170619416458,-0.273046234981105,0.2580944762269104,0.6911599781710649,-0.3901998093731016,0.6334192729503594,0.8239276751919824,-0.39927579468494856,0.549066202661621,0.7677876143622089,-0.31703815342105224,0.4131952596319215,0.7202685891380622,-0.2678143133595737,like
0.0,0.0,0.0,0.22406621992315326,-0.28175955897116317,-0.04184832849850479,0.4987290458780088,-0.5067184385636069,-0.13982184783141233,0.6579845836700013,-0.7184651572415132,-0.23097856677968726,0.6931963288373839,-1.0,-0.31354173275632297,0.4257144490751842,-0.2689545022801826,-0.32228541510599473,0.8973784881430064,-0.06940783510528198,-0.41901264175778075,0.7705352722456862,-0.14056996364206917,-0.4165217046468512,0.6030365941709412,-0.21688261436703382,-0.39402720177274414,0.33806448867753847,0.05913072500009973,-0.34840091835285586,0.8666260522768805,0.20005504882369707,-0.4280108196505809,0.7472263947142492,0.11732757019722283,-0.3918535045616629,0.5640020140245965,0.05549803450878676,-0.3607536062379927,0.28913353062855385,0.34836331691767364,-0.360870424318473,0.7919814872844753,0.4502865242518435,-0.39850836771746745,0.6680859541729623,0.3804857681948108,-0.31849163921321316,0.49436746818404037,0.33276216115831236,-0.26946463936080783,0.265340205719493,0.5870808566164298,-0.37336549895572474,0.6337435992445635,0.6530581128536344,-0.39429407997700006,0.5417231966080706,0.5847401735411951,-0.33315888746789507,0.3964157985691738,0.5484391974218358,-0.29423037714136513,like
0.0,0.0,0.0,0.19319285848901993,-0.31977285124283905,-0.09750724481441014,0.47676196864843207,-0.6027717870812831,-0.2270761174227468,0.7081352932601334,-0.804003482616474,-0.32817298509871345,0.8681131692547208,-1.0,-0.4134300854699606,0.43561007682219394,-0.49061249631191123,-0.47778343496599396,0.8697199536047809,-0.3981725964752931,-0.6037789278983806,0.816593624938866,-0.3521757751195225,-0.595192100037604,0.6893968919032013,-0.35815122269925026,-0.5596747541525021,0.41005597099147595,-0.1924056350504057,-0.4711768892664834,0.9303837591380848,-0.14203161337214001,-0.587160571260293,0.8741970120433803,-0.09804825242476073,-0.5487115100882717,0.7163262457785046,-0.09402081420841295,-0.5132633663950296,0.42794609576108766,0.11170268565298865,-0.4443127600738815,0.9128679729539725,0.11313924554606286,-0.5002110569109274,0.8284718254593958,0.12731806323372918,-0.41452742527303055,0.6782671098538876,0.11969987203415251,-0.36120516385922846,0.4552091723560138,0.3771511695364449,-0.4193834142182714,0.8225714008166376,0.4075830597690923,-0.44458979520363046,0.7309867624614715,0.35923000079291484,-0.37839278936904486,0.5854029423737179,0.3201870295948671,-0.33229798547059436,like
0.0,0.0,0.0,0.1093281203292164,0.2652186938985257,-0.1275761594404151,0.34301384909726096,0.45469142043809097,-0.25380730926174017,0.5863010009994332,0.5432437287153902,-0.3477116377836422,0.7580881933921441,0.5350909670773596,-0.41386430511037686,0.38369334365536584,0.2514005893956112,-0.40595023769746236,0.9403506047420253,0.12683769559179672,-0.5510337948396101,0.907218013390871,-0.03335087367918363,-0.5454522657235803,0.7706126001890892,-0.09396604326788974,-0.5095749407251882,0.4290630755946694,0.0064028372037067335,-0.37785534420424194,1.0,-0.11439426987227318,-0.5644016712124976,0.8970357259853614,-0.23396299731296122,-0.5439105426395409,0.727288723534934,-0.2888158466971551,-0.495137689229621,0.474347494135537,-0.23277827414327518,-0.3444195945244171,0.9914793243312146,-0.3503744625005957,-0.44448798271104417,0.9145682958748639,-0.4582395913488215,-0.3672362422010767,0.7788613394003601,-0.5126272161071697,-0.2969258380655097,0.5178606598924718,-0.41394394176560745,-0.3164833514598799,0.8919129230136558,-0.5334623476314367,-0.34269487253445546,0.8608485150636468,-0.6269948255424316,-0.2925562549247702,0.7518419862558782,-0.6756524558761436,-0.2524000339284097,like
0.0,0.0,0.0,0.20678702283767528,-0.4387164559209298,-0.11300562801863015,0.5674606745700144,-0.6158588845321505,-0.3040913569203342,0.7995739171158597,-0.4608380242242812,-0.4504519946060185,0.9005626008197198,-0.1917743352402991,-0.5716417361708324,0.31352782547743013,-0.6317508272191051,-0.7521019944529714,0.9672963020780724,-0.5893280317848036,-0.9287703599414823,0.9031953155370267,-0.47665864700318644,-0.8669181696856795,0.7179184381858419,-0.43080989418329524,-0.7770011364714167,0.23514387949690385,-0.21938738341643785,-0.7690069553188502,1.0,-0.10706495621324959,-0.9827342775777017,0.8802385696838355,-0.07032142933666363,-0.8596730771381507,0.6428761206867526,-0.09113123169175107,-0.7351627510561848,0.21615380612616583,0.17058864942132923,-0.7583477665292379,0.9360153291888202,0.31127834048062886,-0.8805319310608987,0.8346244379348449,0.25646516496937527,-0.6939279830601518,0.625416823539855,0.18046385488694416,-0.5422423997826806,0.2315732926840467,0.5109707159845361,-0.7471161819110749,0.8249922711258444,0.5993370003397643,-0.7841904433827137,0.8381383973528989,0.4970890458130929,-0.658457883855078,0.7019810405360318,0.4137405608254744,-0.5622451852383169,like
0.0,0.0,0.0,0.102675982028895,-0.27324729784261964,-0.09682869685953506,0.29755265129073233,-0.550091962527525,-0.21474190150901684,0.3975342294595916,-0.761280439010098,-0.3030744040974485,0.42442619284022604,-1.0,-0.37145036727795766,0.24610268966732554,-0.4207558673709914,-0.43952141049656884,0.6321734392741176,-0.35494754132537476,-0.5627356014738172,0.5732950275363276,-0.3103012160452461,-0.5589196697801542,0.4234399628257578,-0.3204654813718675,-0.5368136057096831,0.1951180281300384,-0.16871784677319812,-0.4452733673384751,0.6467372608772115,-0.09427711997019804,-0.5744622566904524,0.5457374610913243,-0.09365186187127948,-0.5199311482782871,0.3795105160396564,-0.11657117913848924,-0.47600454519019103,0.17778782156114933,0.08205934922148879,-0.43879808924924824,0.5991008760100571,0.12183770784433207,-0.5019699517816875,0.5071811816862649,0.09612730098490592,-0.38189955781487717,0.36122980341249095,0.07938609536536766,-0.3055846562952494,0.1688012026709789,0.301511967569757,-0.43891081521549014,0.5162548888278481,0.3303916758561064,-0.4659817094065527,0.5020314223297654,0.2693307258992373,-0.39621406708191137,0.4204706089148333,0.22733979249713387,-0.3527500981130549,like
0.0,0.0,0.0,0.1237262990992284,-0.2659936792710055,-0.055095693075320744,0.32518433303146316,-0.5398080940489419,-0.15827177896057,0.4415572362030669,-0.7582745111975615,-0.2429228329372563,0.4670028325884911,-1.0,-0.30774040876974484,0.27095517292211363,-0.446783624621257,-0.39950108605158124,0.6567473596564494,-0.37177467331729935,-0.516538986359889,0.6050862382985044,-0.31719401656976715,-0.4996402355918797,0.4708447124080383,-0.32499646562582835,-0.46755303475325616,0.22556768432203372,-0.20023577445664012,-0.42552546585840556,0.6569812882166337,-0.14477831689263515,-0.5481141665741562,0.5676348968622607,-0.12161041872263448,-0.48249871493720403,0.43291447297542895,-0.1458504894601469,-0.4313544014584422,0.20990499412461508,0.03997331903309873,-0.4378019280132585,0.6194260935405441,0.07191405575107586,-0.5092853464720333,0.5319933965210717,0.07205051407785008,-0.3872979853423171,0.4051109595099162,0.04953126737266743,-0.3056723362487859,0.20994432724535406,0.2605367263095363,-0.4522881179906791,0.5512887074351588,0.2855346496760236,-0.47956184192202794,0.5117100997189493,0.2591229766408704,-0.40351440134803346,0.4143342312958288,0.22427107144714745,-0.3533816434398551,like
0.0,0.0,0.0,0.12375866660823481,-0.26192593415395377,-0.05960653299205901,0.3381940825598706,-0.5385484052225928,-0.157181140996037,0.44935489931569644,-0.7566357831177357,-0.2369479328138997,0.47254008041900847,-1.0,-0.29881383691594604,0.27433425652769866,-0.4364048963000921,-0.3808809056921183,0.6623686856173897,-0.35231943363913154,-0.5092097966135872,0.5846509644076247,-0.3178717730321663,-0.5171297715862406,0.44744452481234914,-0.34430920748616184,-0.5021626546905689,0.2226401160421907,-0.1906328820629684,-0.40401566762642677,0.6629291107351609,-0.11453516953987952,-0.5309819392850829,0.5579928484617598,-0.11461917256155846,-0.48012093000786904,0.4160371140623054,-0.1405342783094739,-0.43891779499427275,0.20451629055499704,0.047645160128590575,-0.41606723749797936,0.6202843866759753,0.1000751948536,-0.48849593581128026,0.5185777281781975,0.08158255444684487,-0.3765129655147661,0.3888951129419759,0.06421041715570802,-0.30035270632031863,0.2016216575063165,0.26710218646501316,-0.4312411944785393,0.5454529676367078,0.29103193980593395,-0.4501745036291846,0.48832778881570926,0.2508384030921443,-0.3729555069706478,0.37722389972746745,0.2258961009320604,-0.3235367809788719,like
0.0,0.0,0.0,0.12519057976973577,-0.2600649633001756,-0.06079323959468316,0.3418985086150507,-0.5394935931304844,-0.1546435131914341,0.4523870890673662,-0.7626138650904103,-0.22990167877209494,0.4752889775641118,-1.0,-0.2862508696909651,0.27330389150118223,-0.424714849576304,-0.3762302031327195,0.6611641670710562,-0.33900914896745593,-0.5033448624204492,0.582748424544949,-0.3170082586537381,-0.5098828793679377,0.4462498271437438,-0.34791473831774145,-0.49453420717109703,0.22171176167827375,-0.18146898610642936,-0.39728827696710345,0.6578125729357066,-0.09821510753607737,-0.5213624176974497,0.5498393958477891,-0.10859322638183634,-0.4701798006567961,0.41189191489875987,-0.139309837843973,-0.43007907592601613,0.20341067397343965,0.05327502067487812,-0.40766884798521125,0.6147079370776078,0.11148714006379326,-0.4790895061535243,0.5070211386890003,0.08525029717263652,-0.3683414771089441,0.3791946487994383,0.06282518104257086,-0.29413543577950585,0.19817388476734182,0.2691740829554142,-0.4213661134714897,0.536521822976452,0.3064493796748367,-0.44135836810997076,0.47041108129678233,0.26455121261236314,-0.3657235203938146,0.3580399331012352,0.23702505253122425,-0.31812000215705266,like
0.0,0.0,0.0,0.12167426071201091,-0.25982762474405885,-0.06400892243142965,0.3400930144840006,-0.5303883936586328,-0.1597328121700959,0.4552053655693001,-0.7552275236034963,-0.23616575922294983,0.47969337995522127,-1.0,-0.2942069661294657,0.2842665554337455,-0.4316482701031822,-0.3699019644392449,0.6644225976059647,-0.3254826101654094,-0.49364904371741897,0.5905738016035239,-0.30185681511728585,-0.4983628378282023,0.45688265574815384,-0.33603050296626497,-0.48174721498028705,0.23145724832048875,-0.17982172766342167,-0.38877565722298274,0.6615806691867069,-0.07868855400750348,-0.5086517217696266,0.5563408262791647,-0.0846658574600665,-0.45969860751905506,0.42019901415660005,-0.12216527360158307,-0.4210038978178912,0.2108023363487553,0.05831794043403182,-0.3972110158862595,0.6137128060155148,0.12975565379527365,-0.46804547478732833,0.5126288919830578,0.10836378267111539,-0.362887701931017,0.39046150725475504,0.07919645591083375,-0.29234831697084207,0.20446842840777854,0.27318014939212304,-0.4083657256736277,0.5348794639004808,0.31812674096483945,-0.42793499072972163,0.4676613650703704,0.28257448736785334,-0.353637404372104,0.3561467257700049,0.25052881525239795,-0.30682288347955833,like
0.0,0.0,0.0,0.1284584734739364,-0.2637378900421863,-0.06575213263338127,0.3516946679768054,-0.5331217092930925,-0.15997915527170212,0.4683409810222031,-0.7569745447915954,-0.2356696367923567,0.4920196377815044,-1.0,-0.2923784897462681,0.292745218686367,-0.42405757818270534,-0.3566610123084025,0.6718671844663665,-0.31419520977188303,-0.4813574394994107,0.5894734019949677,-0.28292918771847747,-0.49275868466738054,0.45541153860418393,-0.32214076305301637,-0.48223034398127357,0.241358647786728,-0.171416008804561,-0.3772041836572958,0.6631128484300901,-0.06963914437040285,-0.49163496816316304,0.5484063628413923,-0.06739546482889776,-0.4481417594806791,0.40765635759100705,-0.10246857476839098,-0.4159425540538808,0.22055103575579407,0.07024452496524691,-0.38879797274194583,0.620233599695433,0.13450227017723065,-0.4566050230933642,0.5065024792989596,0.12368978310770082,-0.3536157218146384,0.3724785080505163,0.09810472262102808,-0.2872762770328288,0.21426183380988958,0.28825589350163167,-0.4041074706665914,0.5319268556537265,0.335574599931812,-0.42849807967106923,0.44940313173194346,0.3052512342873842,-0.35790991140314676,0.32795148733361307,0.2688200842653326,-0.3141480393883259,like
0.0,0.0,0.0,0.13170019660045745,-0.2603774647091923,-0.07016751682253301,0.35287655478498486,-0.5275614022360472,-0.16575715259268142,0.4665123473096567,-0.75715701229461,-0.24309147557310917,0.49028021581031384,-1.0,-0.30157780300179876,0.2947335744584386,-0.4226210132599865,-0.34978882408193895,0.6718843054123863,-0.31033978465674655,-0.4785505137998709,0.5830206500184205,-0.2762745665106868,-0.4961028829459327,0.45079585403101974,-0.31829685985355793,-0.48940753675873044,0.24239581734102875,-0.17107480806792658,-0.36870119582791105,0.6584331438127773,-0.0625321048520382,-0.48514973966947567,0.5422933393192835,-0.06191764517741946,-0.4462569285191281,0.4010452207690567,-0.10354959679635643,-0.41646908670484534,0.22005505807309886,0.07416546031598323,-0.37997653085716493,0.617363618144568,0.1450781913255165,-0.45130610882370653,0.5001177862367604,0.13179875877369832,-0.349750509147026,0.36299880118207123,0.100356004793851,-0.28276905472985564,0.21215410115870934,0.29513368360494613,-0.39538508394048716,0.5231372925787923,0.3431499777968726,-0.42135577261570234,0.4370903842654991,0.3133660873489945,-0.34966109283310387,0.3145195311601647,0.2752850378092488,-0.3041601985367725,like
0.0,0.0,0.0,0.12635736000426062,-0.26249961412239453,-0.06677746460481865,0.3470807495566452,-0.526263070319449,-0.16212154084356448,0.46318141721891254,-0.7556690339365034,-0.23818375585710233,0.48489113179366494,-1.0,-0.2954958282161713,0.2849209176095125,-0.4200376336699702,-0.36231500653867366,0.6596742292264267,-0.30281470712698666,-0.4829453088577084,0.5745247496430468,-0.27390847359237314,-0.4874643838043655,0.4448571063525904,-0.31792904102178465,-0.4728228975498724,0.2292959502396726,-0.16734521367037772,-0.3809330872285013,0.6424453297790909,-0.06344728579595246,-0.49371485767955525,0.5294495229678287,-0.07194630017928333,-0.44729415340679485,0.39207447188550426,-0.11601479076513779,-0.4135112577235256,0.20579821220391162,0.07556484829478828,-0.3898471878564608,0.6028466354927117,0.14071900300945178,-0.45834476979215927,0.48889201574852864,0.11997894529353065,-0.3540796569667945,0.35608103316028816,0.0872603721932706,-0.28661165769823477,0.19811756442275816,0.29392880945149585,-0.40194883427049255,0.5070204363403394,0.33809209693805137,-0.42641207524185293,0.4241450329615995,0.30447994936236406,-0.35509164011708266,0.3047778949718552,0.26572620678684594,-0.31072148725358223,like
0.0,0.0,0.0,0.13032414132391906,-0.25600962959201595,-0.08272605764751825,0.35883599143259326,-0.5266933156413444,-0.1746101056806025,0.46068890540807145,-0.7598712058716537,-0.24437530529402032,0.48514513896230493,-1.0,-0.2957912540560667,0.2523995315063635,-0.3957585842635085,-0.3608657735129537,0.6331162068997093,-0.2887212737566147,-0.48361809870813854,0.5597092142908873,-0.28279634428455247,-0.49504329164543887,0.43284316867519024,-0.32871987526814767,-0.48452162214988526,0.1898389823665588,-0.1412539946407924,-0.3688724113385705,0.6246272154180024,-0.030680506152933038,-0.48753677993351413,0.5172654222894089,-0.06257353510414161,-0.4458392646646006,0.3728516761466981,-0.1200805462762331,-0.4111722755686485,0.16959502937241996,0.09794363924991072,-0.3694469570171163,0.5700661867964375,0.1649728585021023,-0.43887079641736454,0.46190475794079233,0.12629066750353993,-0.33789347773597267,0.3328047934857075,0.08844124308976048,-0.26930696249452946,0.16497052768799056,0.30761235564560635,-0.3748735917294314,0.4749073709498983,0.3367946477848525,-0.39120602242725216,0.3917670650971408,0.2907284376802739,-0.31561576456429236,0.26625122679903473,0.2623556039846932,-0.2686824916101437,like
0.0,0.0,0.0,0.13996584249148286,-0.2473037310069186,-0.11353802671454515,0.35649213576290506,-0.49690926359513976,-0.22974165772190874,0.44096919149120123,-0.731636286424663,-0.3165205746307337,0.4588038228691926,-1.0,-0.38470216886394437,0.1948878008807335,-0.3618745021477972,-0.4343880173693865,0.5782408310961108,-0.2183793524122906,-0.5806206787625017,0.49389123824623793,-0.23150230736417574,-0.6104063853741061,0.35151313694090364,-0.290670194093224,-0.6129051822643933,0.10767291563228898,-0.10306486239412793,-0.4328958116767227,0.5440489934246955,0.047324805293301304,-0.5701176263285329,0.43501657971007124,-0.002246334568123346,-0.532781293750229,0.29443503747917205,-0.050384391169270064,-0.5076208844195649,0.07043031277038182,0.1510009173512896,-0.4237866262121952,0.4778778002895092,0.26703218739649603,-0.5040082971901374,0.37252003646519055,0.20077135702511179,-0.3996653095238397,0.2383493048664119,0.1561755605664819,-0.3340902675818776,0.049788160510410955,0.3654980556348446,-0.4224070630570408,0.3663112274770551,0.4485547426044512,-0.44484478107101016,0.29835189862473593,0.38059414230197325,-0.3685328987971233,0.17276893872690968,0.3402170174703609,-0.32580583607585123,like
0.0,0.0,0.0,0.1487815243466543,-0.24045756360141998,-0.11822983746781504,0.3195367268496829,-0.4828112295831074,-0.24253138610210243,0.3748798076746392,-0.7163299419534096,-0.3386431671329641,0.3730081810897212,-1.0,-0.4192245415084087,0.1102879338444977,-0.36813294076019615,-0.4481321830869196,0.47455274342795495,-0.1821484279850805,-0.5996420971070521,0.4219780000085261,-0.21267996140909431,-0.6361087904006401,0.3003281520598109,-0.29309588528804775,-0.6472938613708915,0.009674627743732983,-0.10405153058981963,-0.448400057069355,0.42499785744914587,0.0644842391313136,-0.5840928007236926,0.3463039858501972,0.012808852564423896,-0.5515220586925486,0.23002249568145539,-0.04209101791231315,-0.5398967174095552,-0.0268972085686158,0.15462072880833452,-0.4407962800645779,0.36967256383882785,0.28102946518255634,-0.529955869453343,0.29626869807437967,0.22619633351115648,-0.4349880562267408,0.18335435703702638,0.1839106852502389,-0.3812871322176908,-0.0409907831357801,0.365181659647087,-0.4403122399736661,0.277529352946702,0.4686653223844452,-0.47609452975855693,0.24567259853124648,0.4028004425929408,-0.4115229348231208,0.1493147732813692,0.3520857126182942,-0.38042522406704515,like
0.0,0.0,0.0,0.12373945663673341,-0.28318409822166823,-0.09397112182864843,0.234283962503735,-0.5285743523144414,-0.1769863146054592,0.2765449430733479,-0.7425477660868437,-0.25002451281515525,0.28457375902456705,-1.0,-0.3112205560258595,0.02905783757051246,-0.37508776105365293,-0.2507739401136469,0.3911752155454595,-0.24823496981019755,-0.38378883286802246,0.3451058543826918,-0.24748229077153985,-0.4550986323696762,0.22312930801675757,-0.2984742475832564,-0.501168065394105,-0.06175194705577744,-0.10967526721399382,-0.27356267415981916,0.3641307979964394,0.04579125653420119,-0.36772818277581676,0.28836618632895133,-0.009269866838904696,-0.36870729790868967,0.16762839127754656,-0.09116427820063575,-0.39690983798845325,-0.095636157510988,0.12665229720890744,-0.3012014595080313,0.30525770094712235,0.26077906951509044,-0.37139445693409034,0.23934647280690066,0.19668047991516874,-0.3103633182702602,0.13573029341259962,0.0974776125774004,-0.29139624125913616,-0.10424870573555226,0.31878925173757905,-0.34273056498988314,0.21233669257854443,0.44864327339639626,-0.3872161310722139,0.16359961096971132,0.3903603043082647,-0.3498399469177964,0.05478596507264567,0.30918910870412875,-0.3399126536720596,like
0.0,0.0,0.0,0.14009262457522814,-0.26579045193048173,-0.12422699336694323,0.253986822658988,-0.5278870342132421,-0.2081215392654914,0.3087559187266511,-0.7522715108388524,-0.27544605286531076,0.3107167724681651,-1.0,-0.3445729364312291,0.07505293034307316,-0.35120004631959906,-0.2808586115137951,0.39306914798224074,-0.22284343777072935,-0.3927693078560613,0.37588229279090657,-0.24146897190927305,-0.46176086048282367,0.28403189270119195,-0.2768692755700359,-0.5102486791141582,-0.020622944989940353,-0.08520814730551644,-0.27777242548120834,0.4087363415239016,0.056615195300440777,-0.34268195899403364,0.3566540885837264,0.003840515882793449,-0.34010837327459165,0.23268565623998705,-0.036368405563045124,-0.36438950120974894,-0.058597217349391585,0.15402520066110573,-0.27802790745484524,0.3367887461757346,0.2596032481235845,-0.3364250529642935,0.29814627948021916,0.19447435454331588,-0.2751949229285646,0.20185248454130383,0.13371657718356575,-0.2484342132708064,-0.06720742639930954,0.3475217743720942,-0.29664437194850857,0.244964806470316,0.44985967814493766,-0.3629024276123138,0.23028235702000785,0.38859873568802206,-0.34043018029044414,0.15107270920180405,0.34404850077029314,-0.3238358984421598,like
0.0,0.0,0.0,0.10381276472999593,-0.2886714762905656,-0.10179192853048719,0.2272595741390866,-0.5443710091285344,-0.1829967375831961,0.30481357802977455,-0.7633033808770819,-0.25219326261275943,0.3247120700847425,-1.0,-0.3160360882571102,0.10134821582509808,-0.31070064308855494,-0.2626444078640336,0.44716024895588674,-0.2531745329901161,-0.3603203479025461,0.3998068289777885,-0.27217367277115795,-0.4045671062037304,0.305182403580491,-0.29813160687072227,-0.4341902102141337,0.05560663966229887,-0.04956242935136036,-0.2749006325516887,0.4588662442648528,0.018123587090956128,-0.3215775833585269,0.3610642344307967,-0.02995782815741684,-0.28276557902523464,0.24518528469011192,-0.0920367986445389,-0.2833252432389462,0.04560870648615838,0.1708170930923102,-0.29185384110788387,0.4403720636540949,0.2334002067639845,-0.3282702303309019,0.3411604384685729,0.16816704343107858,-0.24384416460508718,0.23859755988306788,0.1016025993769473,-0.20909383124941625,0.059489983758144,0.3434554663377156,-0.327021670163225,0.3979647411885356,0.41919961387555177,-0.3610140717720905,0.32492164242016064,0.40190602027132954,-0.3194440866648501,0.21433572012559787,0.40959138188509636,-0.3014374575287671,like
0.0,0.0,0.0,0.1978457719214297,-0.3472242544558645,-0.012217618697698211,0.4607796757741492,-0.5783076744612164,-0.04125779246562086,0.6449105894092725,-0.7769615888068525,-0.06846281677333224,0.6865940631974131,-1.0,-0.0847795245680138,0.5868157853803089,-0.368690244092132,-0.09367964717761271,0.8541747406760022,-0.28584390534229187,-0.14591854936939316,0.7589147773484821,-0.24565354656627214,-0.1641211356558366,0.6406438874146956,-0.2609514873972953,-0.16889600591144988,0.5747604655638558,-0.10749785462037656,-0.11469881660592013,0.8204840418029362,-0.05889165931767042,-0.11757914734700213,0.7376025234409912,-0.054290627426322194,-0.09629162009310123,0.6329859367234945,-0.07178321581530357,-0.09915842892824249,0.55153154070553,0.13014116663832526,-0.13333397000221095,0.767207114487475,0.16104254244951602,-0.12671706188971002,0.6965331686894531,0.14888555602571554,-0.07341589194927974,0.6003117391482019,0.12766079801530963,-0.05480312745132492,0.5132548045298817,0.3262754957441732,-0.1526523555430773,0.703630717222488,0.3278507514431056,-0.1262420650369259,0.6388389343889523,0.3080153821412141,-0.06439720807376843,0.5536068906561632,0.2884014713810972,-0.03024792812710303,like
0.0,0.0,0.0,0.22217857129908836,-0.3342666429551051,0.0038893822613455076,0.4942153798728816,-0.5724222577936963,-0.007327594757535768,0.6695075298926965,-0.7838966022218526,-0.02541815452391801,0.702470442897078,-1.0,-0.032802134313375336,0.6594347023661393,-0.3641491601003583,-0.029498280536985336,0.9124330358325635,-0.3066004379077962,-0.06012352218063533,0.7852592423263645,-0.2753396630064035,-0.06611730728490965,0.6447461150859171,-0.28673329764204136,-0.06368466049920364,0.6613597638536705,-0.10514751290292262,-0.05408164656202991,0.8659974812818262,-0.05470714625623974,-0.053578767475841026,0.7471713225706023,-0.041970021731776316,-0.0413360537610608,0.6231134364885421,-0.06699489144756016,-0.040553128916082266,0.6311769787634334,0.14727315337770297,-0.07685241504066334,0.8120381230594719,0.17462672650582284,-0.06326705681217357,0.7147066870229121,0.177042814397504,-0.023900749766725547,0.6014143828717496,0.15089998111937472,-0.009939672411613896,0.574794839370129,0.36703433531414115,-0.09966944965021601,0.7297312397375528,0.3712570508351772,-0.0757715259705188,0.6538060263497671,0.3561627764614845,-0.02448628097465143,0.5617948177099336,0.3380435117070567,0.007806333809742705,like
0.0,0.0,0.0,0.22343256947155082,-0.3362263291113777,0.00839975592040711,0.4823570133451761,-0.5647749943036288,-0.010993420998293197,0.6623468701293125,-0.7725639163799783,-0.03858947221984084,0.7031974921266285,-1.0,-0.05771571862745189,0.712572036368574,-0.323954662687782,-0.012462090751026196,0.8851829163795915,-0.21952325338039497,-0.034517425116169974,0.7723910909914549,-0.1954075835819169,-0.04777549038962094,0.6483657120618774,-0.22062809794586338,-0.05445509615237568,0.7007742616090885,-0.06469588340949772,-0.040407085510896584,0.8367190797294678,0.009523094771756366,-0.022935109372502427,0.7371556016509225,0.013880576979542194,-0.016061569188520274,0.6250005319192148,-0.007434876646966958,-0.025784318024197467,0.651815836801769,0.1822144396530881,-0.0655272666129481,0.7742686691071765,0.215896338036015,-0.0407571306660023,0.6926016613674618,0.21033246304902284,-0.00611843503975156,0.586480683208645,0.18744233512148453,8.465935439883114e-05,0.5828963214014504,0.39612236695153036,-0.09088306374901767,0.7108987152313423,0.39717440644585505,-0.05851834241085593,0.6366302202068179,0.3744388252283674,-0.0030527896684545397,0.5447519109439574,0.3543051993845985,0.030550508583678262,like
0.0,0.0,0.0,0.17802632974316954,-0.3469629037035537,0.008979397514393308,0.4053599573107217,-0.5873469159274947,-0.011260758625711314,0.5768278081904192,-0.7897826839317831,-0.03527247699808788,0.6335878206161422,-1.0,-0.05026051013703722,0.6484761846091874,-0.3650726541923735,-0.0356501121547826,0.8257553957239273,-0.23846567637817742,-0.03108549968459632,0.7169485567380246,-0.20848679129333003,-0.017678286886214176,0.6064569502426307,-0.24085649349510777,-0.010127492746838485,0.6426500095218244,-0.10848953860455156,-0.057545631721498805,0.7795536847585081,-0.026067201482835447,-0.011441858914244627,0.6863982684250584,-0.012936366552451657,0.012629784744628208,0.5878549340912537,-0.03526759983358608,0.008112741839315648,0.600802552430278,0.13743625980112656,-0.07225938791197392,0.7304116944318565,0.1762513604113203,-0.027450331667762146,0.6511674244276099,0.1818759409892552,0.009647738253511916,0.550351791795441,0.1582696927596535,0.011248504143870944,0.5423650861563363,0.3499596295274259,-0.08559720297254651,0.6732751222154992,0.35226024482199814,-0.05129751463765809,0.6011292293004399,0.342197209500671,0.00020743657623622006,0.5118335508209912,0.32997833187200754,0.030177427914939093,like
0.0,0.0,0.0,0.17476358296814962,-0.34536286913949,-0.0026441186279735998,0.4008536116068125,-0.5888852534510903,-0.02553466792244397,0.5704801244835446,-0.7890366569083699,-0.04975543179040466,0.6213540064889602,-1.0,-0.06438181321128615,0.6576502299448194,-0.36547439796729025,-0.03857565260535795,0.8191695190091242,-0.22650226670118515,-0.03646485934555319,0.7126957066519186,-0.1934055195925823,-0.030142812417030842,0.6030677023828315,-0.22984321012754586,-0.028337662781444235,0.6538910604314241,-0.10414259956424023,-0.05569866892019855,0.7703270743195242,-0.008622942423553744,-0.011856554361383567,0.6766966389124849,0.0034058760671665483,0.006696727776601288,0.5770446834809771,-0.027102360320205868,-0.0015747495144823843,0.6097958092997576,0.14473017821203016,-0.06675762626104412,0.7236320849206667,0.19142385773052562,-0.025496742792585705,0.6465242932751023,0.19403089390259112,0.01019266250442078,0.5446105487098193,0.16592348109314006,0.012087970942183545,0.5463135803062856,0.3541497337340694,-0.0776248674069312,0.6675826784789183,0.36219876143326735,-0.0464019509377212,0.5965106284160393,0.34908667188310927,0.004945409691943907,0.5045966976606192,0.33154662533183243,0.035967600883906034,like
0.0,0.0,0.0,0.17318489969121115,-0.34543313114437757,0.0010413799403418864,0.3913219432683992,-0.5956474693534619,-0.01709020764117102,0.5523865164563595,-0.7978904529264024,-0.03560722068986097,0.6011819114601238,-1.0,-0.044699331812045134,0.6449442310082536,-0.3819342656345587,-0.04744285447310859,0.807914053457461,-0.24135546102403835,-0.0423486070139075,0.7095911356360554,-0.2070699322963731,-0.026274638100132856,0.5991618881469944,-0.2397262293607328,-0.016655025610457855,0.6467666190027759,-0.1215319107322883,-0.06345207927423221,0.7597860275748859,-0.029128161371943698,-0.019591717724771317,0.6705520949157148,-0.014201935892999977,0.003844902734491918,0.5709112350546455,-0.04103760221889036,0.00017080924106193372,0.6081915267263044,0.12577369841559555,-0.07223116283235473,0.7127710300588577,0.16613833277905865,-0.03004305280360336,0.6376755809713207,0.17682071770547447,0.0042388352888033725,0.5370409457829773,0.153036921412807,0.005323182170910266,0.5482184454405215,0.3354444293900702,-0.08038777795147527,0.6509494333521078,0.3396787520943932,-0.054061438976857314,0.5804188189134201,0.3361845820563554,-0.01052729336399747,0.49073624101729746,0.3228642601813915,0.015917929045953422,like
0.0,0.0,0.0,0.18136616617464232,-0.3381421494855876,0.0005860818501892282,0.4085437106204125,-0.5845037354076618,-0.018618592112325832,0.5666690401869051,-0.795589389979639,-0.038000193064556494,0.6077739202728137,-1.0,-0.04735867564901212,0.6641739572227504,-0.36098259888919254,-0.04717413344814302,0.8216234108640512,-0.2558101850960891,-0.04563083610892336,0.7083909072364142,-0.22742686029459877,-0.03273678764677202,0.5903791602357098,-0.25334550885066454,-0.02496429870288589,0.6663617013906262,-0.09958643013575252,-0.06325511094235997,0.7747349034490456,-0.027620270119432973,-0.02444445116226983,0.6771936138192763,-0.021663824857300115,-0.002238405792691077,0.5757109976098009,-0.04732825015107136,-0.006575147701051867,0.6271608977295033,0.14718314467054897,-0.07224208849527343,0.7226664767850476,0.17518830996378137,-0.03098242642361365,0.6405550573301362,0.1765485295079885,0.006689532261016714,0.5391078514766503,0.151308643590918,0.009387292604112273,0.5667733467790047,0.3555931042180662,-0.08100779943514896,0.6570108655907564,0.3547846319055005,-0.04829366420800307,0.5830613407438484,0.3434573593881706,7.508129569585964e-05,0.5011671946145467,0.32972988056702757,0.028113963596439386,like
0.0,0.0,0.0,0.16070391749327337,-0.34683624715924344,0.008169913164384295,0.3877274366162434,-0.6003142583992924,-0.008853877767448587,0.5531804480561782,-0.8030773641433984,-0.0325724677815491,0.5922076557366626,-1.0,-0.04995509073219712,0.6687037240800594,-0.3692603772090702,-0.0013030676024348485,0.7702978220834487,-0.32942382279694543,-0.0012385629131697862,0.6582679770538827,-0.30201473367038506,-0.012700967399481851,0.5512149053055757,-0.30155728096048695,-0.025089585850417144,0.6908301196154123,-0.12406467768335135,-0.02342697404768035,0.7007899483000387,-0.11631349083819119,0.016455839627243056,0.5977326869473875,-0.11506068339589438,0.019446604181968145,0.5045271256321623,-0.11688459284805146,0.0022669059336498515,0.6532401853264096,0.10888554773061195,-0.04088312043311862,0.6393538399566572,0.07385205640508037,-0.0005017193198986196,0.5514100318256113,0.07480046647612165,0.020728235916069905,0.45634915044768687,0.07111190896177082,0.014656020566637331,0.5952664781014742,0.31015579282094313,-0.059778104791586406,0.5978499532267454,0.26618664908180123,-0.025198148773104022,0.5166988324009776,0.2508074430582741,0.01569513918633327,0.4359680426544669,0.24426090071924586,0.04072772561262818,like
0.0,0.0,0.0,0.12022773707741602,-0.3494193920256256,-0.006199971508078609,0.31540232786571354,-0.6056365438230171,-0.031035892241341134,0.4555884197297906,-0.8089652118412309,-0.05615331199808587,0.4928741993772864,-1.0,-0.0750566671086694,0.6281108758129283,-0.4026481771331178,-0.02855496992242746,0.6890079618731826,-0.37511549545934597,-0.0198348209283949,0.5743475648443622,-0.3386993843151094,-0.0235152425581296,0.47697512872748926,-0.33023088516562626,-0.03229694112603964,0.6548626183848609,-0.16541748365567024,-0.03934424374148921,0.6447056812653329,-0.18247820444363205,0.0006931430671302419,0.5395070024220461,-0.16981638129603133,0.004894924909157989,0.4482682441126387,-0.15521093717120094,-0.010587991575109717,0.6198578377874361,0.05799051033893127,-0.04317742696422103,0.5908682571727124,-0.002550970290825659,-0.004342551974554521,0.504955326422958,0.008052193178867082,0.013258153276411905,0.4104604054288809,0.015672088460118003,0.005946913336548429,0.5676577806721829,0.24694183413732174,-0.04840929120548556,0.5573462549249869,0.17772791429977908,-0.020493656347693123,0.4771687514135337,0.1741893995276449,0.014105208195397533,0.39970781201764943,0.18203696482339216,0.03594660566928351,like
0.0,0.0,0.0,0.12648297306232514,-0.33090353284299817,0.0013534067528623236,0.340846265888926,-0.584902817828494,-0.020328226280369843,0.48875469759961393,-0.7993303119339826,-0.044046904479547434,0.5226608513382929,-1.0,-0.061940114159206104,0.6433342791707123,-0.40393022460850947,-0.02116759278430806,0.7252172272481794,-0.29256480882330077,-0.019786982417050344,0.6226815826520433,-0.2565134439447613,-0.03182835500770563,0.5318297326766867,-0.27812999778354724,-0.04702048288743367,0.6628792940943665,-0.1660964193412974,-0.03980278140049936,0.6676360556896644,-0.09130863453141218,0.004953826200257359,0.5689446093408754,-0.08040162509696719,0.009701599105771307,0.48254862984958,-0.09778039164707836,-0.008887710687735674,0.6296780134045733,0.06702177684750181,-0.052678739186566036,0.6158254559998505,0.08704000380849362,-0.005837885403637681,0.5325342704708522,0.08847908469426843,0.016998399098420845,0.44562032243709393,0.06263111340648843,0.008281044972044987,0.5774082823756636,0.2683527967556395,-0.06744739059051012,0.5669882304220777,0.26480714283648876,-0.027579543600931983,0.483857129021899,0.259038582496108,0.013769474456851097,0.40908501737017566,0.2418083337869749,0.0363040657245636,like
0.0,0.0,0.0,0.11179981973647686,-0.3440743800916757,-0.017974406448800037,0.31991537313409313,-0.5916578874125308,-0.04565055188441935,0.47602128222428575,-0.8032081174228188,-0.07038488696849621,0.520424361549583,-1.0,-0.089124382241628,0.6194692302614137,-0.37858191644339606,-0.029766017914085015,0.6963726740322107,-0.3644078181248158,-0.025943282903919944,0.5881469677382983,-0.33672396247213876,-0.03795856397451622,0.4936816678433635,-0.3357130821107349,-0.05270322293728581,0.6459167753466301,-0.13059468744945002,-0.03391909065058888,0.6468472339402147,-0.15584199080017497,0.0031109630286501795,0.5517585003957491,-0.15191503326598407,-0.0003467915431752014,0.46706184276327434,-0.1351855461043076,-0.019797819518202375,0.6101947016863756,0.09621405180884647,-0.031961552335976216,0.5950185202827254,0.044884876825851794,0.0032205541249231365,0.518617840854412,0.04396365537241785,0.01533177361766412,0.4361290796498435,0.052576042282056,0.005828726626022887,0.5545026641268441,0.2826100096656408,-0.031323497796455164,0.5440815572029515,0.22501600096271526,-0.0019855707732254805,0.4678398152337376,0.21293924663277833,0.03271145739296834,0.3968449154913475,0.22148081546792842,0.05473668497575795,like
0.0,0.0,0.0,0.12196735119424075,-0.3408275621015301,-0.01670083684606619,0.31444162389691244,-0.5849637164812249,-0.04316392178900933,0.4666402931850271,-0.7987687514481953,-0.06527332963845002,0.5052049257467028,-1.0,-0.07746095988036682,0.6253719631821775,-0.3758575699348176,-0.042596349616155105,0.7027977625755959,-0.3274822445322987,-0.014230378554583778,0.5984882300287119,-0.2880475230285166,0.006093705662296796,0.5055960958999481,-0.2952110257436067,0.011209747852236178,0.650202658853807,-0.13079941717305207,-0.04532382320698838,0.6534741014461594,-0.11958621289100793,0.008076955457728007,0.5588091387780703,-0.10357629576468393,0.018099827237648816,0.4757073546015152,-0.09032038487214797,0.004106560616209472,0.6184862461187889,0.09832961607963138,-0.03898251356944286,0.6139743337153949,0.0733936985702361,-0.012742411237698233,0.5338957961356866,0.086701646444358,-0.007971252552995437,0.44095239027506616,0.09432251341426975,-0.019537005791014153,0.5671169449215653,0.2868268221688128,-0.03100539495085636,0.6276881190292386,0.29334777019461356,-0.029331443053625318,0.5943746301093692,0.360260186183346,-0.010570542828511168,0.5433648687432504,0.4180135832464642,0.005462766726546812,like
0.0,0.0,0.0,0.1285367112283181,-0.3494339006279051,-0.0071887613216463555,0.33035663667346077,-0.5903376229006361,-0.03152337021059795,0.48470675902046956,-0.7987383811872597,-0.053384070927948155,0.5273524309834778,-1.0,-0.06647748080184858,0.6276331431320761,-0.38113691051423065,-0.028027292096368703,0.723983094405763,-0.3371467740546684,-0.006831007241992808,0.6250161252393256,-0.30593599109895325,0.004623255164741439,0.5265433173210714,-0.307723983236635,0.006755836288669269,0.6535339967834005,-0.12686221801881106,-0.031751253443924696,0.6815686302844098,-0.12404266569783906,0.024026591192655006,0.5876670699244708,-0.1165713071808098,0.03782381709395241,0.5028201639066752,-0.10603098315929074,0.02691081514600928,0.6209497345675379,0.11303469195722415,-0.027047922930238503,0.6427408460767645,0.07561065339057282,0.01880073181020353,0.5660828166121583,0.07779848034891221,0.03954725138263856,0.47527923652030263,0.08147345617065369,0.03365699124906881,0.5675590422704428,0.3146244905028847,-0.02149487408590365,0.6087106245834639,0.26902340885525466,0.01178307299128134,0.5371201658097023,0.2643011707428664,0.05251038994602716,0.4587934460883078,0.2724759381561123,0.07888641368715835,like
0.0,0.0,0.0,0.1312870203839449,-0.3383358130074656,-0.004389690727616597,0.3453670475317809,-0.5893176381851178,-0.02648275394616895,0.4958211163742973,-0.7996074990804658,-0.04755306019343536,0.5337836822827321,-1.0,-0.06049293182580543,0.6263352341197864,-0.404898220821716,-0.026881644692373398,0.7321316423580181,-0.33508949971180374,-0.017958255089100383,0.6360914876776822,-0.29955746766379154,-0.015503510733344368,0.5433374677361016,-0.3135656532618625,-0.018962874478344344,0.6509099530743504,-0.15039673003826678,-0.036827094662204324,0.6958079681689179,-0.12826120177958059,0.007489187455100785,0.6010743845715638,-0.11976864250788319,0.019826301457628887,0.5115056726969673,-0.12120669564465951,0.009879214009179705,0.622502802141253,0.0898347313358755,-0.04052226805887311,0.6417334019565772,0.05987301644528847,0.003420134644407087,0.5621528449849501,0.06354463497460314,0.02852646246458384,0.47052645424523826,0.060600292468639724,0.024821371899062823,0.5731250274663566,0.2939247194459666,-0.04492322815793989,0.5930145652274983,0.23596415072039384,-0.010134695743106987,0.512539400695429,0.22975893106617942,0.030983546075508784,0.43338995412946585,0.23476451701656323,0.05575827930366666,like
0.0,0.0,0.0,0.12278245483551707,-0.33895771682194475,-0.003055750007397572,0.3257148685232114,-0.588577053471732,-0.027265601290828684,0.47115056850636433,-0.7989321184738505,-0.0517008211420428,0.5119672156237832,-1.0,-0.0694967916760658,0.6083363817580496,-0.40981213034330166,-0.029174015889953695,0.7123314672479812,-0.3515610735288346,-0.02490060346623731,0.6134301699944331,-0.31536875128246344,-0.02786813925102582,0.5203537984982823,-0.3265913985163025,-0.03425200598746457,0.6383156959131786,-0.1581059976632249,-0.03976917511875816,0.6687028379131943,-0.14793364553308389,0.0009171752876700834,0.5688512648735629,-0.13717649410862345,0.009673353137765923,0.4792079365051721,-0.13370479037746807,-0.0021520369577565615,0.6126409031652111,0.07808039400967791,-0.043968169917695976,0.6114104072060689,0.041057376268393904,-0.0017369602497332372,0.5299590669327958,0.04969031668720242,0.02209990202807224,0.4409943751705458,0.05246815946959128,0.018026807929213132,0.5682325106817505,0.2772692341144163,-0.0487026175337375,0.5758241060649502,0.2262288411769012,-0.01222513873654684,0.49552068122566706,0.2245293431961392,0.02963302065357799,0.41984148898868856,0.23016530256748965,0.05477620127087687,like
0.0,0.0,0.0,0.11967228084717875,-0.34336596431181954,-0.015279822577203336,0.32440489089971863,-0.6000833311821661,-0.039446089674062865,0.4734221307638443,-0.8091601102821366,-0.06152529183290548,0.5229798924541046,-1.0,-0.07647819692758796,0.6320283500867401,-0.4014856254798127,-0.025805444643129876,0.717531562408342,-0.33426664634311964,-0.022285497059265504,0.621793998697817,-0.3015632784502601,-0.03133193654541496,0.5297131076461286,-0.31106779151946573,-0.042241589542307036,0.6592439253410195,-0.14895478170994725,-0.02928274311570832,0.6692335764685163,-0.12842422970143152,0.01215995749745808,0.5739647968706203,-0.11779773157290357,0.015747927817743364,0.4869061329405719,-0.11758051985844181,-0.00022113394922418538,0.6328719701135123,0.08341443070860408,-0.02816380267392953,0.6235597898839842,0.05906688518031758,0.014220153685653459,0.545800779756999,0.06768350078476104,0.03205528267642124,0.45640854696345395,0.0643579085365139,0.024055028146394604,0.5892091969110094,0.27776193730928056,-0.029425959750228537,0.5822360658565563,0.2409195423496188,0.0030059777702179723,0.5027443203910194,0.24073295078873752,0.037537410151643656,0.42639444625224654,0.2411179644243834,0.059049163560587745,like
0.0,0.0,0.0,0.12654166215443016,-0.33683116661770296,-0.028131471472645112,0.32800858014220313,-0.5988999443713277,-0.0581248611071969,0.47495307885417776,-0.8139968553640182,-0.08111296970560823,0.5184930836847607,-1.0,-0.09431991404685587,0.6465824694244836,-0.39891809606407874,-0.06141389038539926,0.7324304722803278,-0.3074264717035531,-0.054273019953065105,0.6333241482591419,-0.2680040790056303,-0.04855626074723611,0.5354730592370349,-0.29012163327001567,-0.04901238884755155,0.6745843888302782,-0.13189831176891512,-0.06017147237180434,0.6712665731833837,-0.0668065251076074,-0.018737083862080433,0.5699123407113327,-0.053925662090822245,-0.00800906869093825,0.48143216871360933,-0.07949865905011429,-0.018851535861198206,0.645268334362663,0.11001536226147869,-0.052838352342075574,0.6278787130219113,0.136600610721581,-0.011111505059109674,0.547825397888006,0.14175428325365264,0.009622835543242343,0.46121974112649883,0.11215501073786771,0.00312549204365794,0.5925577556788533,0.3073526392305387,-0.048488069406991394,0.5801152418614028,0.3204285361170505,-0.01871864259463705,0.5000972667651427,0.3130349190862592,0.015513189851462675,0.4256649671259229,0.2862580380276589,0.03727547718811328,like
0.0,0.0,0.0,0.1359973623355769,-0.3418086677308042,-0.007594595602271177,0.33282951979536357,-0.6191015077797046,-0.027253398731319545,0.4834919277902115,-0.8246061821407726,-0.04855527621067394,0.5418161530447316,-1.0,-0.05967098024633809,0.6593817408843803,-0.40515419724839724,-0.010281982170414407,0.7806906540652554,-0.30636302506229784,-0.009564054755383767,0.6773816201188477,-0.26341863921985065,-0.014957127939242509,0.5717209667563399,-0.2772178172445669,-0.018602490988934517,0.6816466500928411,-0.1650842259384246,-0.018996507240600407,0.7304941460657445,-0.07491002334151627,0.019235488139183528,0.6293051644365347,-0.06181698101022026,0.027245925707401898,0.5291383685163696,-0.08374872973891033,0.019713192966612815,0.6489016638566492,0.049628818994350926,-0.02473732502993867,0.680663785546594,0.11756567010149552,0.014170131371777351,0.6044777164366324,0.12046630508351916,0.033309559549268626,0.5135250699829166,0.09421630296591926,0.03142761928916371,0.5953883581918652,0.2281538903525828,-0.032347095990309306,0.6309805914714707,0.2763076721709414,0.0036600843609570573,0.5565638101637088,0.26858706879602723,0.04209423019600852,0.4807435594867201,0.24521664262765563,0.06830002685365363,like
0.0,0.0,0.0,0.10106027493893127,-0.3393472595335592,-0.02660070589286342,0.29560591116074947,-0.6013566285996184,-0.0445002934787078,0.4394927883220884,-0.814432773144533,-0.05769488216752515,0.48186461267921676,-1.0,-0.0612734992791469,0.6071562693045905,-0.36208436042232683,4.0373501206675685e-05,0.7054859726531983,-0.3560557064446921,0.019580769938290526,0.5974336794089912,-0.34915326955815384,0.018472387754073602,0.502710160275958,-0.34024942171642714,0.013870414256678223,0.6272933059221208,-0.13825583174840525,0.013671613475060507,0.6749751911671857,-0.1714636151309334,0.05868614919740539,0.5820022998262557,-0.18489799001417484,0.06328412369102297,0.49565118928881624,-0.17492267521569269,0.05397795296441362,0.5889034671136956,0.04128646649259036,0.030516865523601392,0.6270629857092099,-0.01192877971713079,0.07563250124253347,0.55829156579361,-0.02664156621016798,0.08774679646027521,0.4775639577568136,-0.022999235761438672,0.08136186123565005,0.5391159144227732,0.17266592547712464,0.0457544048631082,0.5784728143326848,0.11147304130911448,0.08841255182278976,0.51543490394549,0.0962242599496499,0.12465482641510998,0.44968722098849556,0.10693041573501494,0.1473318547288905,like
0.0,0.0,0.0,0.08478590421134008,-0.33332609056124696,-0.04077101590811434,0.28838837924042654,-0.6079620132407058,-0.05876531579264454,0.4425403987306597,-0.8183627625341389,-0.06774188938994326,0.48212306342581024,-1.0,-0.06355453787132348,0.5943134573647444,-0.35774601981092297,-0.013524874729296275,0.7204363479141039,-0.36262760386009285,-0.0055801580406506296,0.6095994751153252,-0.3574986191308238,-0.009421457382942002,0.5036444143847763,-0.3461523907052629,-0.011351544311693332,0.6184050391680216,-0.13390989346103946,0.012100246886807055,0.6869356356063125,-0.1643619909366414,0.051753142640036616,0.5922136298412116,-0.1810412811501707,0.06306635105547147,0.5063027365926004,-0.17611819763208098,0.06047717087719495,0.5859741922897465,0.043695140454943056,0.03825255450762492,0.6356878958333687,-0.014918755051275358,0.0782873406203787,0.5700579298573278,-0.031009832096360018,0.09413347769105336,0.49185347278586344,-0.02888720266682732,0.09234163741202037,0.5430433717239207,0.1714884986378569,0.062164754191440394,0.5889437605144695,0.08943067146511244,0.10221809298000306,0.5256433892680872,0.07200173058865904,0.13963023474222688,0.4617345871632737,0.08490958554980131,0.1642531579600672,like
0.0,0.0,0.0,0.07693340444245439,-0.329068530915023,-0.0386218730250989,0.2630395991004772,-0.5917251557542808,-0.06019811437558901,0.4005389071387634,-0.8105025230620122,-0.0725176317018376,0.44380348729149216,-1.0,-0.07315503203565704,0.575141521649255,-0.3591607150426465,-0.020349610212222043,0.6818728325018486,-0.3638228178988795,-0.0010792154705647227,0.5663921462826271,-0.3548712557353843,0.0034171863210289027,0.4703495806489489,-0.336378690483804,0.0038906528943237636,0.5995719589289805,-0.14755740016981939,0.004826239552159085,0.6655164371708933,-0.18296104620930817,0.047228195143535566,0.5658957555590773,-0.20183422441645116,0.06002621353582834,0.4810424581527636,-0.1923881900902523,0.058442427721526115,0.5674242582270737,0.017226315093097265,0.033191563553987564,0.6167928872935482,-0.04027295346710994,0.07826495226507316,0.5470123942212892,-0.06044580906594067,0.09405504931164567,0.47117448802200723,-0.058588937330039316,0.09091977960651883,0.5257511242962566,0.13264088475392702,0.059859229563333456,0.5685325222789535,0.05658691908704378,0.10403052341673999,0.5061549438133084,0.03697310260247106,0.14090804848321017,0.443472535545525,0.046573876239995045,0.16372874864603373,like
0.0,0.0,0.0,0.13678397283909327,-0.33712066760789733,0.014371174736750033,0.34161044329472157,-0.5810930846431411,-0.009556231078855459,0.49452770180460537,-0.7920226892253343,-0.03708191767370981,0.5424225401351478,-1.0,-0.055288206026873295,0.5809225117454504,-0.39493297353561707,-0.04323188253172409,0.7916553621758291,-0.32114365863246414,-0.0472284232348365,0.6943607008237365,-0.2969937454968296,-0.041516530290262005,0.593377875321027,-0.31545010003394175,-0.036682312146473654,0.5877173473511793,-0.14553474230017743,-0.06449883310674402,0.7707141142970281,-0.1113967767355467,-0.024056479694081558,0.6905669581520072,-0.10897342107673746,0.005948747168192435,0.596216973078736,-0.11555735569162648,0.00955786812287661,0.5630600257207884,0.08091599310393875,-0.07834019216092264,0.7262812613936198,0.09678878916564654,-0.03128264719397855,0.6585491834062571,0.0939983411711018,0.01293780841830827,0.5648057840642281,0.08320637274343248,0.021098847530733458,0.5281161810968656,0.27214634838825147,-0.09050167809368359,0.6736039806431128,0.25459103867521743,-0.04606482438738353,0.610798160603665,0.24751505864867643,0.00989799904792433,0.5322106134451344,0.24816688012461507,0.04225730299933278,like
0.0,0.0,0.0,0.21159315537147827,-0.2876380725517968,-0.04466635064431945,0.510038596494194,-0.5501935560688284,-0.15190961005437345,0.7497366280150266,-0.7451275277099088,-0.24701610483650469,0.8615342317767658,-1.0,-0.321575614889743,0.34379937092617213,-0.5848737052235927,-0.3998327178727779,0.8039447653036814,-0.5468894512697222,-0.5736454880449164,0.9008616707782564,-0.3762409487767452,-0.6109611080323505,0.8341817046917769,-0.2618574451130247,-0.5967728933067772,0.26173442346713216,-0.33301038767607494,-0.4420179723503734,0.7930313113183658,-0.2841892399562713,-0.6149416960317413,0.8946351754599621,-0.1440394789895935,-0.5859933593266589,0.826426299377266,-0.07024315598130336,-0.5412708400075812,0.21752536479918097,-0.04884481617879251,-0.47166253609780534,0.7279473963668673,0.04000464674643823,-0.5998084939295475,0.7854206941789961,0.1168415214326953,-0.509149601466104,0.7049100157793752,0.12010704422850062,-0.4213783817567503,0.20255874759073805,0.23541071961413648,-0.5013237039937626,0.6083058720842964,0.3137931688238575,-0.5712262334154081,0.6936475727814171,0.30758877211778246,-0.5099581329312071,0.6593080199969497,0.26710375225982463,-0.44938662176168687,like
0.0,0.0,0.0,0.20394079573152826,-0.29895799203477136,-0.00032626276651921644,0.4156653592745423,-0.5596820399150365,-0.05212449387253703,0.5859166100844726,-0.772168780162758,-0.11298945390382367,0.6274538882799693,-1.0,-0.1606992522427088,0.29485729440556774,-0.6636463170856159,-0.13366868539406784,0.6177701757386409,-0.6769848797522796,-0.2394907976782645,0.6219020624099494,-0.5555227562717754,-0.27379775923120014,0.5460684786726038,-0.5052176827582331,-0.2827506310893892,0.26188309853168107,-0.4808890540807408,-0.191511791754463,0.6046311523913059,-0.4776021229478507,-0.280801683406494,0.5683846645390703,-0.3714757778726416,-0.2703510614217409,0.47282949400438434,-0.34563032113425346,-0.2646713340227877,0.25220820475814854,-0.26545737451525436,-0.250196090979017,0.5749072015762783,-0.2861151617018082,-0.3152633408445161,0.5065838568692822,-0.1994641834270778,-0.2447029981025178,0.40744944244516446,-0.17533850399246195,-0.19834907061430687,0.2616523995661401,-0.04766932019470193,-0.31134272245370487,0.5202297241977405,-0.07823399353960588,-0.33134942001388695,0.4524810691921109,-0.033770119063359846,-0.2699169722749338,0.3574660187890315,-0.018318462049226478,-0.23115966364763318,like
